LAT,LON,YEAR,MO,DY,PRECTOT,RH2M,PS,T2M_RANGE,T2M_MAX,T2M_MIN,T2M,WS10M_RANGE,KT,CLRSKY_SFC_SW_DWN,ALLSKY_SFC_LW_DWN,TS,QV2M,ALLSKY_SFC_SW_DWN
30.37531,69.34511,2019,1,1,0,46.69,87.26,12.48,17.56,5.08,10.18,6.25,0.59,-999,6.77,9.94,4.15,3.2
30.37531,69.34511,2019,1,2,0,37.53,87.37,17.71,18.99,1.28,8.63,4.77,0.7,3.89,5.74,8.55,3,3.86
30.37531,69.34511,2019,1,3,0,30.13,87.48,16.21,18.95,2.74,9.82,3.06,0.63,3.73,6.82,9.59,2.6,3.49
30.37531,69.34511,2019,1,4,0,41.52,87.18,10.85,16.8,5.95,9.91,6.63,0.63,3.72,6.76,9.31,3.63,3.47
30.37531,69.34511,2019,1,5,0,35.99,87.13,13.99,15.07,1.09,7.47,5.4,0.66,3.9,5.76,6.97,2.66,3.68
30.37531,69.34511,2019,1,6,0,25.93,87.26,17.38,16.29,-1.09,6.46,5.53,0.71,3.99,5.41,5.98,1.79,3.97
30.37531,69.34511,2019,1,7,0,30.42,87.27,12.77,13.39,0.62,6.46,3.54,0.63,-999,6.3,5.38,2.1,3.51
30.37531,69.34511,2019,1,8,0,54.79,87.17,12.88,14.88,2,7.15,5.44,0.65,3.8,6.18,6.67,3.97,3.66
30.37531,69.34511,2019,1,9,0,28.06,87.22,18.3,18.87,0.57,8.21,4.43,0.7,-999,5.88,7.93,2.18,3.92
30.37531,69.34511,2019,1,10,0,40.39,86.96,10.85,16.3,5.45,9.71,7.08,0.67,3.84,6.44,8.21,3.49,3.8
30.37531,69.34511,2019,1,11,0.03,58.49,87.06,10.97,15.62,4.65,8.82,4.28,0.66,3.91,6.36,8.38,4.76,3.72
30.37531,69.34511,2019,1,12,0.01,30.4,87.08,15.14,15.04,-0.1,6.55,4.53,0.7,4.07,5.59,5.76,2.11,4
30.37531,69.34511,2019,1,13,0,17.03,87.37,18.61,15.19,-3.41,4.59,5.38,0.73,4.24,5.03,4.74,1.03,4.21
30.37531,69.34511,2019,1,14,0,27.78,87.43,17.42,17.09,-0.33,7.19,2.02,0.68,4.04,6.24,6.16,2.01,3.91
30.37531,69.34511,2019,1,15,0,19.39,87.18,17.63,20.33,2.7,10.47,4.22,0.64,-999,6.66,9.42,1.76,3.69
30.37531,69.34511,2019,1,16,0,30.33,87.11,18.44,22.19,3.75,11.45,4.57,0.66,4.02,6.41,10.49,2.94,3.83
30.37531,69.34511,2019,1,17,1.86,35.66,87.21,17.66,19.46,1.8,9.78,3.4,0.71,4.17,6.19,9.92,3.09,4.15
30.37531,69.34511,2019,1,18,0,40.38,87.1,12.92,19.18,6.26,11.44,5.89,0.42,-999,7.24,10.95,3.91,2.47
30.37531,69.34511,2019,1,19,0,52.12,87.06,11.99,16.74,4.75,9.61,4.09,0.41,-999,7.58,10.05,4.47,2.46
30.37531,69.34511,2019,1,20,1.68,69.91,86.96,10.16,12.5,2.34,6.76,4.45,0.18,-999,7.24,7.45,4.95,1.06
30.37531,69.34511,2019,1,21,0,36,86.66,15.15,13.45,-1.69,5.3,3.61,0.66,4.3,5.89,5.52,2.31,3.94
30.37531,69.34511,2019,1,22,0,27.46,86.58,15.06,12.02,-3.03,3.79,4.48,0.73,4.39,5.21,4.22,1.58,4.39
30.37531,69.34511,2019,1,23,0,27.13,87.01,16.4,13.03,-3.37,4.03,4.36,0.71,4.41,5.28,4.17,1.58,4.3
30.37531,69.34511,2019,1,24,0,27.68,87.26,16.64,13.4,-3.24,4.82,3.46,0.71,4.42,5.39,4.59,1.7,4.32
30.37531,69.34511,2019,1,25,0,23.83,87.16,17.49,13.78,-3.71,4.04,3.49,0.73,4.55,5.09,3.94,1.39,4.52
30.37531,69.34511,2019,1,26,0.05,28.55,87.41,16.1,12.97,-3.13,4.61,4.08,0.68,4.47,5.75,4.95,1.73,4.21
30.37531,69.34511,2019,1,27,0.03,39.93,87.5,14.62,13.65,-0.97,6.04,2.77,0.71,4.48,5.64,5.43,2.67,4.42
30.37531,69.34511,2019,1,28,0,26.62,87.52,18.65,16.81,-1.84,6.67,5.37,0.73,4.59,5.5,6.02,1.86,4.56
30.37531,69.34511,2019,1,29,0,29.82,87.36,16.01,16.21,0.2,8.04,3.38,0.67,-999,7.07,7.22,2.29,4.21
30.37531,69.34511,2019,1,30,11.82,65.44,87.1,11.04,12.81,1.77,7.35,5.73,0.12,-999,7.9,7.91,4.81,0.77
30.37531,69.34511,2019,1,31,0.47,64.64,86.98,11.19,11.22,0.03,4.65,3.85,0.61,-999,6.6,5.05,3.95,3.89
30.37531,69.34511,2019,2,1,0,57.3,87.26,16.38,14.25,-2.13,5.25,4.03,0.69,4.5,5.74,5.9,3.64,4.47
30.37531,69.34511,2019,2,2,0,53.87,87.27,17.11,15.94,-1.16,6.6,2.93,0.7,4.53,5.79,6.58,3.75,4.53
30.37531,69.34511,2019,2,3,0,52.26,87.35,15.88,17.03,1.15,8.32,2.5,0.69,4.55,6.03,8.09,4.09,4.53
30.37531,69.34511,2019,2,4,0.01,52.87,87.34,12.3,16.46,4.16,8.99,5.42,0.44,-999,7.11,7.59,4.34,2.89
30.37531,69.34511,2019,2,5,0.55,53.59,87.14,13.99,16.13,2.14,7.76,3.81,0.65,-999,6.44,8.02,4.05,4.32
30.37531,69.34511,2019,2,6,0,39.67,86.63,14.12,11.74,-2.38,4.35,5.61,0.7,4.83,5.55,5.48,2.38,4.7
30.37531,69.34511,2019,2,7,0.08,35.59,86.4,12.29,11.14,-1.15,3.92,2.82,0.69,-999,5.73,4.7,2.08,4.63
30.37531,69.34511,2019,2,8,0,37.43,86.9,16.54,13.53,-3.01,4.33,7.51,0.72,4.89,5.26,4.45,2.23,4.87
30.37531,69.34511,2019,2,9,0,36.28,87.26,17.74,15.6,-2.15,6.02,2.38,0.71,4.96,5.65,5.59,2.43,4.86
30.37531,69.34511,2019,2,10,0,40.43,87.25,14.47,18.03,3.57,9.3,3.41,0.67,4.76,6.63,9.69,3.39,4.64
30.37531,69.34511,2019,2,11,0,43.84,87.34,12.71,17.6,4.89,9.83,4.11,0.49,-999,7.55,9.86,3.8,3.39
30.37531,69.34511,2019,2,12,1.25,70.84,87.39,12.55,16.65,4.1,8.76,4.05,0.32,-999,7.71,10.01,5.72,2.22
30.37531,69.34511,2019,2,13,1.07,63.67,87.3,12.45,16.11,3.66,9.19,4.11,0.57,-999,7.39,10.13,5.3,3.99
30.37531,69.34511,2019,2,14,0.13,43.43,87.02,14.66,15.72,1.07,7.43,4.09,0.73,5.18,6.03,8.11,3.21,5.16
30.37531,69.34511,2019,2,15,0,31.65,87.11,17.6,16.34,-1.26,7,5.43,0.74,5.3,5.33,7.14,2.27,5.24
30.37531,69.34511,2019,2,16,0,27.52,87.19,20.75,19.25,-1.5,8.04,4.33,0.73,5.27,5.75,8.65,2.12,5.23
30.37531,69.34511,2019,2,17,0.09,46.8,86.8,10.75,15.91,5.16,9.45,7.35,0.64,5.04,7.14,9.47,3.98,4.63
30.37531,69.34511,2019,2,18,1.89,61.6,86.4,9.6,14.31,4.71,8.88,4.16,0.29,-999,7.21,8.64,5.07,2.14
30.37531,69.34511,2019,2,19,0.23,56.61,86.68,15.95,15.96,0.01,7.89,6.59,0.35,-999,7.02,8.36,4.34,2.59
30.37531,69.34511,2019,2,20,12.95,84.57,86.83,3.31,6.04,2.73,4.67,7.24,0.12,-999,7.32,4.99,5.18,0.86
30.37531,69.34511,2019,2,21,0,53.53,87.06,14.92,13.23,-1.69,4.93,6.34,0.72,5.49,5.68,4.93,3.33,5.41
30.37531,69.34511,2019,2,22,0,32.96,87.23,19.35,16.6,-2.75,6.26,5.21,0.74,5.64,5.39,6.84,2.24,5.6
30.37531,69.34511,2019,2,23,0,32.28,87.03,18.24,18.16,-0.08,7.71,2.87,0.73,5.53,5.8,8.24,2.43,5.53
30.37531,69.34511,2019,2,24,0,33.6,86.7,16.96,16.95,-0.01,7.89,4.2,0.73,5.64,5.58,8.37,2.57,5.59
30.37531,69.34511,2019,2,25,0,34.13,86.54,16.31,15.81,-0.49,7.35,4.47,0.68,5.71,5.76,8.24,2.52,5.25
30.37531,69.34511,2019,2,26,0,39.54,86.54,14.29,13.51,-0.78,6.07,2.5,0.65,-999,5.98,7.17,2.68,5.04
30.37531,69.34511,2019,2,27,0,35.37,86.59,17.16,14.63,-2.53,6.05,3.2,0.7,5.74,5.58,6.56,2.39,5.51
30.37531,69.34511,2019,2,28,0.01,41.33,86.8,15.6,14.54,-1.06,5.73,5.24,0.71,5.68,6.1,5.67,2.73,5.59
30.37531,69.34511,2019,3,1,15.04,71.35,86.69,9.76,11.46,1.71,6.28,4.93,0.08,-999,7.77,6.19,4.9,0.63
30.37531,69.34511,2019,3,2,29.25,90.37,86.52,4.12,8.36,4.24,5.99,5.24,0.13,-999,7.73,6.32,6.1,1.02
30.37531,69.34511,2019,3,3,0.27,66.98,86.72,13.68,15.94,2.26,8.45,2.66,0.49,-999,7.29,10.23,5.34,3.95
30.37531,69.34511,2019,3,4,0,51.26,86.63,16.25,17.1,0.85,8.43,4.13,0.69,5.75,6.1,8.87,4.08,5.63
30.37531,69.34511,2019,3,5,0,39.78,86.63,18.47,19.25,0.78,9.3,4.36,0.72,5.89,5.66,10.07,3.36,5.89
30.37531,69.34511,2019,3,6,0.04,42.89,86.71,17.68,18.66,0.99,9.37,4.41,0.66,5.77,6.14,9.93,3.63,5.46
30.37531,69.34511,2019,3,7,2.02,43.13,86.7,17.68,18.29,0.6,9.49,4.26,0.7,5.9,6.22,10.3,3.68,5.84
30.37531,69.34511,2019,3,8,3.64,61.92,86.95,12.21,16.73,4.53,10.57,3.45,0.44,-999,7.57,11.85,5.68,3.69
30.37531,69.34511,2019,3,9,0,50.49,87.05,16.18,19.2,3.02,10.8,2.25,0.72,6.05,5.87,11.89,4.69,6.05
30.37531,69.34511,2019,3,10,14.84,69.71,86.78,11.41,14.54,3.13,8.64,3.89,0.15,-999,7.23,9.17,5.62,1.25
30.37531,69.34511,2019,3,11,0.05,59.18,86.71,14.15,15.39,1.25,7.95,2.89,0.56,-999,6.6,9.35,4.56,4.8
30.37531,69.34511,2019,3,12,0.07,59.07,87.16,14.83,16.32,1.48,8.81,2.89,0.56,5.99,6.51,10,4.8,4.85
30.37531,69.34511,2019,3,13,2.05,60.73,87.02,11.74,15.61,3.87,8.73,2.84,0.51,-999,7.23,9.17,4.91,4.42
30.37531,69.34511,2019,3,14,0,48.63,87.21,16.28,18.21,1.93,9.86,4.51,0.69,-999,6.45,11.32,4.23,5.98
30.37531,69.34511,2019,3,15,0,49.58,87.4,16.25,18.96,2.71,10.92,2.78,0.69,6.18,6.38,11.48,4.62,6.09
30.37531,69.34511,2019,3,16,0,56.9,87.28,12.67,17.74,5.07,11.27,1.37,0.49,-999,7.21,11.47,5.44,4.34
30.37531,69.34511,2019,3,17,0,52.58,87.13,16.36,21.88,5.52,13.54,3.79,0.69,6.15,6.76,14.28,5.85,6.13
30.37531,69.34511,2019,3,18,0.28,59.99,87.02,10.09,18.38,8.28,13.25,7.42,0.25,-999,7.44,12.74,6.56,2.23
30.37531,69.34511,2019,3,19,0.1,56.8,86.56,14.52,21.1,6.58,13.02,3.14,0.52,-999,7.22,14.17,6.15,4.63
30.37531,69.34511,2019,3,20,0.01,40.73,86.69,15,19.34,4.34,12.18,4.08,0.69,6.39,6.62,13.07,4.16,6.23
30.37531,69.34511,2019,3,21,0,45.34,87.07,15.08,21.06,5.98,13.24,4.41,0.69,6.35,6.59,13.25,4.95,6.25
30.37531,69.34511,2019,3,22,0.6,60.22,87.21,11.04,20.13,9.09,14.14,6.12,0.59,-999,7.46,13.69,6.96,5.44
30.37531,69.34511,2019,3,23,1.24,67.35,87.12,8.96,19.45,10.49,14.7,4.5,0.5,-999,7.99,14.91,8.09,4.63
30.37531,69.34511,2019,3,24,0.76,63.97,87.06,10.37,20.49,10.12,14.38,1.92,0.59,-999,8.11,15.61,7.53,5.48
30.37531,69.34511,2019,3,25,0.08,46.74,87.11,14.1,23.92,9.82,16.3,5.3,0.69,6.42,7.33,16.98,6.21,6.37
30.37531,69.34511,2019,3,26,0,43.44,87.23,19.12,27.11,8,17.37,4.31,0.61,-999,7.59,18.28,6.17,5.72
30.37531,69.34511,2019,3,27,0,49.83,87.24,15.85,28.31,12.46,19.87,2.7,0.61,-999,8.35,20.03,8.29,5.7
30.37531,69.34511,2019,3,28,0,44.68,87.16,13.99,26.73,12.74,19.5,3.13,0.46,-999,8.32,19.8,7.26,4.32
30.37531,69.34511,2019,3,29,0.01,47.33,86.9,13.86,26.9,13.04,19.12,3.65,0.67,6.59,7.64,19.77,7.54,6.31
30.37531,69.34511,2019,3,30,0.01,28.64,86.89,18.88,27.17,8.28,17.21,5.82,0.73,6.98,6.48,17.39,4.04,6.93
30.37531,69.34511,2019,3,31,0,30.53,86.99,19.78,27.71,7.93,17.32,4.71,0.71,6.86,6.78,17.85,4.33,6.84
30.37531,69.34511,2019,4,1,0,34.98,86.95,19.25,29.62,10.37,19.31,4.99,0.68,6.61,7.3,19.99,5.63,6.51
30.37531,69.34511,2019,4,2,0,40.56,86.92,17.91,30.61,12.71,21.52,5.98,0.63,6.4,8.2,22.35,7.49,6.1
30.37531,69.34511,2019,4,3,0,42,86.93,17.59,31.52,13.93,22.25,2.73,0.64,-999,8.17,22.66,8.11,6.17
30.37531,69.34511,2019,4,4,0,38.34,86.93,16.99,32.38,15.38,23.61,4.42,0.62,6.48,8.24,24.07,8.04,6.08
30.37531,69.34511,2019,4,5,0,37.47,86.91,16.1,31.82,15.72,23.07,4.95,0.67,6.55,7.92,24.09,7.6,6.53
30.37531,69.34511,2019,4,6,0,34.24,86.87,17.02,30.71,13.69,21.93,5.1,0.68,6.77,7.45,22.42,6.49,6.74
30.37531,69.34511,2019,4,7,0.01,40.2,86.7,15.34,29.8,14.46,21.74,4.81,0.65,6.69,7.83,22.43,7.54,6.43
30.37531,69.34511,2019,4,8,0,33.58,86.68,16.95,29.28,12.33,20.78,4.54,0.68,-999,7.65,22.39,5.94,6.73
30.37531,69.34511,2019,4,9,0.88,38.51,86.69,13.17,27.88,14.71,21.29,7.13,0.58,-999,8.19,20.92,7.03,5.73
30.37531,69.34511,2019,4,10,0,45.61,86.9,17.64,28.83,11.2,20.28,2.11,0.65,6.75,8.09,21.92,7.81,6.53
30.37531,69.34511,2019,4,11,3.01,58.22,86.9,13.05,26.89,13.84,18.78,4.63,0.25,-999,8.81,18.96,9.09,2.49
30.37531,69.34511,2019,4,12,13.05,71.21,86.88,9.09,22.39,13.3,17.36,2.57,0.39,-999,8.51,17.6,10.17,3.97
30.37531,69.34511,2019,4,13,3.45,65.45,86.92,12.73,25.27,12.54,17.89,4.66,0.59,-999,8.38,18.93,9.66,5.99
30.37531,69.34511,2019,4,14,16.29,57.49,86.96,15.32,26.74,11.42,18.91,5.74,0.63,6.75,8.51,20.28,9.04,6.41
30.37531,69.34511,2019,4,15,11.54,68,86.78,9.23,22.53,13.3,17.13,6.45,0.06,-999,8.58,17.95,9.58,0.57
30.37531,69.34511,2019,4,16,25.6,80.9,86.49,4.45,15.06,10.61,13.01,5.34,0.35,-999,7.65,13.43,8.77,3.6
30.37531,69.34511,2019,4,17,0.66,64.05,86.74,13.02,20.88,7.86,14.74,3.55,0.55,-999,7.92,17.06,7.75,5.63
30.37531,69.34511,2019,4,18,0.07,57.75,87.03,14.78,24.48,9.7,17.04,1.64,0.58,-999,7.82,19.15,8.07,5.95
30.37531,69.34511,2019,4,19,0,44.71,86.86,19.44,29.09,9.65,19.26,3.43,0.7,7.2,7.31,20.41,7.18,7.2
30.37531,69.34511,2019,4,20,0,42.75,86.61,18.71,30.15,11.43,20.73,2.87,0.69,7.13,7.71,21.63,7.55,7.1
30.37531,69.34511,2019,4,21,0,40.54,86.61,17.04,30.69,13.65,21.95,3.98,0.69,7.18,7.74,22.39,7.71,7.15
30.37531,69.34511,2019,4,22,0,39.85,86.7,17.46,31.87,14.41,23.15,4.07,0.67,7.21,7.85,23.2,8.15,6.94
30.37531,69.34511,2019,4,23,0,40.23,86.73,15.57,32.02,16.45,24.07,2.09,0.68,7.17,8.28,24.02,8.69,7.08
30.37531,69.34511,2019,4,24,0,48.07,86.84,12.18,28.82,16.64,22.52,3.86,0.6,-999,8.33,22.93,9.45,6.3
30.37531,69.34511,2019,4,25,0,53.76,86.86,12.03,28.26,16.23,22.01,6.55,0.63,7.16,8.03,22.32,10.25,6.62
30.37531,69.34511,2019,4,26,0,37.83,86.88,16.63,29.6,12.97,21.31,5.35,0.7,7.45,7.25,22.14,6.9,7.41
30.37531,69.34511,2019,4,27,0,32.82,86.91,17.95,29.67,11.72,20.82,2,0.68,7.45,7.42,21.38,5.8,7.19
30.37531,69.34511,2019,4,28,0,30.09,86.81,18.28,30.61,12.34,21.22,4,0.71,7.52,7.21,22.03,5.46,7.52
30.37531,69.34511,2019,4,29,0,31.65,86.56,18.66,30.68,12.03,21.65,5.42,0.68,-999,7.68,21.88,5.91,7.24
30.37531,69.34511,2019,4,30,0,37.32,86.4,15.55,29.38,13.83,21.58,5.33,0.69,7.45,7.63,22.98,6.96,7.37
30.37531,69.34511,2019,5,1,0,31.63,86.44,17.7,29.35,11.65,20.6,4.35,0.69,7.43,7.31,21.87,5.54,7.39
30.37531,69.34511,2019,5,2,0.04,28.89,86.5,17.26,28.07,10.81,20.14,4.12,0.69,7.51,7.2,21.61,4.92,7.46
30.37531,69.34511,2019,5,3,0,35.09,86.69,16.05,28.67,12.62,20.98,2.45,0.67,-999,7.46,21.99,6.28,7.24
30.37531,69.34511,2019,5,4,0,30.23,86.89,17.34,30.59,13.26,21.71,4.73,0.69,7.46,7.36,22.21,5.64,7.43
30.37531,69.34511,2019,5,5,0,24.67,86.84,20.6,32.25,11.65,22.11,2.7,0.71,7.72,7.03,22.58,4.72,7.72
30.37531,69.34511,2019,5,6,0,26.25,86.63,19.97,32.82,12.84,23.09,4.79,0.7,7.59,7.5,24.44,5.35,7.56
30.37531,69.34511,2019,5,7,0.01,28.08,86.47,18.71,32.8,14.09,23.68,3.05,0.7,7.64,7.41,24.75,5.94,7.64
30.37531,69.34511,2019,5,8,0,29.49,86.52,18.54,33.84,15.3,24.58,3.57,0.69,7.6,7.73,25.71,6.58,7.57
30.37531,69.34511,2019,5,9,0,32.64,86.49,16.57,32.72,16.15,25.07,5.73,0.6,7.41,8.48,26.37,7.51,6.56
30.37531,69.34511,2019,5,10,0,30.15,86.47,17.33,33.27,15.94,25.14,3.61,0.64,7.53,8.15,26.16,6.96,7.07
30.37531,69.34511,2019,5,11,0,32.25,86.62,15.87,32.92,17.05,25.21,4.48,0.59,7.49,8.43,26.49,7.46,6.55
30.37531,69.34511,2019,5,12,0.04,38.76,86.67,11.87,29.84,17.97,23.91,3.97,0.65,-999,8.66,24.29,8.3,7.22
30.37531,69.34511,2019,5,13,0,33.05,86.48,16.68,32.16,15.48,24.32,1.8,0.64,7.49,8.41,26.07,7.27,7.07
30.37531,69.34511,2019,5,14,0.04,32.29,86.47,15.08,31.81,16.73,24.49,6.74,0.66,7.44,8.5,25.35,7.17,7.35
30.37531,69.34511,2019,5,15,1.19,48.95,86.67,10.67,27.99,17.32,21.55,1.88,0.49,-999,8.54,22.43,9.09,5.49
30.37531,69.34511,2019,5,16,0.51,59.72,86.7,9.71,26.07,16.36,20.91,2.73,0.57,-999,8.76,22.26,10.67,6.39
30.37531,69.34511,2019,5,17,0.08,54.62,86.63,10.51,26.88,16.37,21.18,3.32,0.65,7.38,8.29,22.9,9.93,7.29
30.37531,69.34511,2019,5,18,0,30.36,86.66,17.77,31.44,13.66,22.77,1.28,0.62,7.7,7.73,24.73,6.06,6.91
30.37531,69.34511,2019,5,19,0.01,30.61,86.72,15.33,32.33,17,24.71,2.32,0.65,7.55,8.25,26.59,6.87,7.28
30.37531,69.34511,2019,5,20,1.25,32.85,86.89,12.28,31.15,18.87,25.29,4.46,0.55,7.45,8.57,28.12,7.62,6.2
30.37531,69.34511,2019,5,21,0.28,33.98,86.8,14.33,33.42,19.09,25.85,2.45,0.6,-999,8.53,28.09,8.16,6.74
30.37531,69.34511,2019,5,22,1.08,36.31,86.59,14.31,31.69,17.38,24.73,3.72,0.45,-999,8.7,27.43,8.18,5.04
30.37531,69.34511,2019,5,23,1.65,35.47,86.48,14.86,32.03,17.18,24.46,3.55,0.67,7.53,8.4,27.16,7.87,7.52
30.37531,69.34511,2019,5,24,0.02,34.33,86.61,15.37,30.71,15.35,23.54,2.81,0.63,-999,8.1,26.38,7.19,7.08
30.37531,69.34511,2019,5,25,0,24.02,86.61,18.17,33.88,15.72,24.94,3.31,0.69,7.75,7.75,27.57,5.46,7.75
30.37531,69.34511,2019,5,26,0,21.26,86.48,18.44,34.68,16.24,26,2.73,0.69,7.74,7.84,28.59,5.16,7.74
30.37531,69.34511,2019,5,27,0,17.08,86.51,18.37,35.93,17.56,27.29,2.55,0.69,7.78,7.85,29.55,4.47,7.76
30.37531,69.34511,2019,5,28,0,13.43,86.5,19.7,37.09,17.39,27.61,2.59,0.7,7.89,7.75,29.91,3.58,7.89
30.37531,69.34511,2019,5,29,0,11.69,86.41,19.98,38.21,18.22,28.53,2.7,0.7,7.87,7.85,30.76,3.29,7.87
30.37531,69.34511,2019,5,30,0,15.11,86.36,17.94,37.5,19.56,28.83,3.1,0.69,7.83,7.98,31.75,4.33,7.79
30.37531,69.34511,2019,5,31,0,13.11,86.32,18.85,38.77,19.92,29.71,4.18,0.69,7.8,8.14,32.63,3.95,7.78
30.37531,69.34511,2019,6,1,0,12.15,86.43,18.94,39.33,20.39,30.5,1.76,0.66,7.51,8.18,33.15,3.83,7.46
30.37531,69.34511,2019,6,2,0,15.67,86.45,17.73,39.36,21.63,31.01,4.22,0.65,7.45,8.25,33.57,5.09,7.42
30.37531,69.34511,2019,6,3,0,15.4,86.37,17.27,39,21.73,30.59,4.68,0.63,7.32,8.54,32.91,4.88,7.2
30.37531,69.34511,2019,6,4,0,11.59,86.34,15.96,37.47,21.51,29.01,2.64,0.65,7.43,8.01,31.75,3.36,7.43
30.37531,69.34511,2019,6,5,0,13.66,86.34,17.99,35.62,17.62,27.21,3.3,0.65,7.47,7.85,30.59,3.56,7.4
30.37531,69.34511,2019,6,6,0,18.77,86.45,16.23,36.17,19.94,28.4,3.15,0.64,7.34,8.15,32.45,5.24,7.31
30.37531,69.34511,2019,6,7,0,15.06,86.56,16.92,37.48,20.56,29.48,5.77,0.63,7.38,8.28,32.4,4.47,7.21
30.37531,69.34511,2019,6,8,0,12.85,86.5,16.33,38.24,21.91,29.96,3.01,0.65,7.46,8.12,32.49,3.92,7.45
30.37531,69.34511,2019,6,9,0,11.65,86.29,18.89,39.39,20.5,30.39,2.69,0.65,7.47,8.15,33.03,3.65,7.44
30.37531,69.34511,2019,6,10,0,13.46,86.12,17.11,39.18,22.07,31.05,3.46,0.65,7.42,8.44,33.37,4.39,7.37
30.37531,69.34511,2019,6,11,0,15.34,85.91,14.23,37.72,23.49,30.16,5.32,0.64,7.36,8.31,32.27,4.77,7.29
30.37531,69.34511,2019,6,12,0,11.03,86.11,19.83,37.29,17.45,28.06,5.36,0.67,7.63,7.66,31.23,3.03,7.63
30.37531,69.34511,2019,6,13,0,18.53,86.28,15.14,36.65,21.52,29.14,5.18,0.64,7.36,8.32,31.35,5.41,7.27
30.37531,69.34511,2019,6,14,0,24.58,86.25,14.51,36.56,22.04,29.43,3.8,0.61,7.27,8.72,32.39,7.31,6.99
30.37531,69.34511,2019,6,15,0,20.93,86.06,16.47,38.03,21.56,29.51,5.51,0.62,7.46,8.39,31.61,6.26,7.13
30.37531,69.34511,2019,6,16,0,25.29,86.2,14.11,36.11,22.01,29.26,6.76,0.53,7.3,8.62,33.28,7.46,6.01
30.37531,69.34511,2019,6,17,0,26.56,86.09,15.04,36.42,21.39,29.27,4.91,0.6,7.43,8.62,32.8,7.85,6.84
30.37531,69.34511,2019,6,18,1.51,35.21,86.04,13.79,34.76,20.98,28.2,4.29,0.52,-999,8.9,32.57,9.79,5.95
30.37531,69.34511,2019,6,19,1.22,38.68,86.16,13.03,34.98,21.95,28.37,5.33,0.55,-999,9.14,32.39,10.86,6.31
30.37531,69.34511,2019,6,20,3.15,32.69,86.23,14.24,36.02,21.78,29.07,2.63,0.61,-999,9.04,32.46,9.54,6.97
30.37531,69.34511,2019,6,21,4.9,45.94,86.34,11.34,33.39,22.05,27.95,4.98,0.56,-999,9.3,30.45,12.57,6.46
30.37531,69.34511,2019,6,22,0,45.19,86.34,12.75,35.08,22.33,28.8,4.44,0.61,-999,9.19,31.42,12.99,6.94
30.37531,69.34511,2019,6,23,5.45,43.63,86.25,12.37,35.4,23.02,29.1,4.11,0.62,7.09,9.51,31.82,12.78,7.03
30.37531,69.34511,2019,6,24,4.66,57.98,86.42,7.9,31.1,23.19,26.74,2.26,0.6,-999,9.53,28.59,14.79,6.91
30.37531,69.34511,2019,6,25,0,52.58,86.51,12.39,33.73,21.33,27.44,3.03,0.61,7.02,9.26,30.1,13.96,6.98
30.37531,69.34511,2019,6,26,0.11,40.08,86.3,14.44,36.45,22.01,29.14,3.39,0.54,7.28,9.12,31.88,11.75,6.15
30.37531,69.34511,2019,6,27,0.15,34.26,86.04,14.43,36.68,22.25,29.67,4.13,0.62,7.24,8.88,32.59,10.38,7.08
30.37531,69.34511,2019,6,28,0,29.41,85.95,15.07,37.6,22.53,30.37,3.35,0.59,7.33,8.96,33.65,9.28,6.76
30.37531,69.34511,2019,6,29,0,23.52,85.91,15.39,38.24,22.86,30.58,1.72,0.63,7.37,8.62,33.45,7.51,7.21
30.37531,69.34511,2019,6,30,1.49,29.07,85.9,15.01,38.07,23.06,30.71,3.59,0.51,7.13,9.2,33.76,9.36,5.81
30.37531,69.34511,2019,7,1,35.25,52.72,86.06,10.22,34.24,24.02,28.67,3.32,0.58,6.76,9.43,30.39,15.12,6.55
30.37531,69.34511,2019,7,2,0,48.26,86.17,14.4,36.66,22.26,29.39,2.97,0.6,6.8,9.37,31.98,14.4,6.8
30.37531,69.34511,2019,7,3,0,45.08,86.14,13.95,37.24,23.29,30.12,1.57,0.6,6.84,9.38,32.92,14.03,6.79
30.37531,69.34511,2019,7,4,0,36.87,85.97,15.3,38.7,23.41,30.77,3.44,0.6,6.82,9.47,33.15,11.92,6.77
30.37531,69.34511,2019,7,5,0,38.66,85.79,14.15,37.23,23.08,29.9,5.18,0.58,6.83,9.66,32.29,11.92,6.54
30.37531,69.34511,2019,7,6,0,39.6,85.67,15.24,37.61,22.37,29.93,3.41,0.58,-999,9.5,32.59,12.25,6.6
30.37531,69.34511,2019,7,7,0,38.45,85.78,15.07,38.59,23.53,30.61,3.91,0.57,6.81,9.64,33.21,12.35,6.5
30.37531,69.34511,2019,7,8,0,34.01,85.82,15.68,39.49,23.81,31.3,2.56,0.61,6.92,9.29,33.67,11.34,6.9
30.37531,69.34511,2019,7,9,0,27.42,85.66,17.73,39.95,22.21,31.16,4.12,0.61,7,8.92,33.4,9.08,6.93
30.37531,69.34511,2019,7,10,0,25.9,85.66,16.88,40.19,23.3,31.4,5.23,0.6,6.97,9.15,33.26,8.69,6.84
30.37531,69.34511,2019,7,11,0,26.31,85.7,16.74,40.2,23.46,31.65,4.79,0.62,6.98,9.03,33.69,8.95,6.96
30.37531,69.34511,2019,7,12,0.05,32.33,85.86,15.31,39.62,24.3,31.84,5.12,0.6,6.8,9.77,34.21,11.11,6.72
30.37531,69.34511,2019,7,13,0.61,40.77,85.91,14.73,38.86,24.13,31.21,5.77,0.59,6.73,9.82,33.84,13.54,6.69
30.37531,69.34511,2019,7,14,0,34.16,85.75,15.41,38.92,23.51,31,5.02,0.6,-999,9.59,33.55,11.21,6.78
30.37531,69.34511,2019,7,15,0.03,28.45,85.66,15.37,38.94,23.57,31.25,3.46,0.59,-999,9.7,34.23,9.47,6.65
30.37531,69.34511,2019,7,16,0.23,34.89,85.85,15.31,38.83,23.52,30.99,6.64,0.56,-999,9.98,34.21,11.43,6.33
30.37531,69.34511,2019,7,17,2.52,41.52,86.06,14.09,38.38,24.29,30.52,6.25,0.56,-999,10.02,34.42,13.22,6.34
30.37531,69.34511,2019,7,18,5.61,52.37,86.05,12.23,35.68,23.45,29.06,2.81,0.58,6.57,9.65,31.93,15.36,6.51
30.37531,69.34511,2019,7,19,1.82,52.26,86.19,11.72,35.14,23.42,28.88,4.77,0.51,-999,10.19,32.36,15.14,5.76
30.37531,69.34511,2019,7,20,1.07,57.17,86.34,8.51,32.59,24.08,27.97,3.22,0.52,-999,9.93,30.82,15.7,5.85
30.37531,69.34511,2019,7,21,0.12,50.76,86.3,10.95,34.42,23.47,28.75,2.66,0.5,6.51,9.66,31.87,14.58,5.61
30.37531,69.34511,2019,7,22,0.24,44.68,86.2,12.26,36.21,23.95,29.82,4.65,-999,-999,-999,33.59,13.65,-999
30.37531,69.34511,2019,7,23,0.32,44.08,86.15,12.03,36.91,24.88,30.38,3.85,0.58,-999,9.86,33.95,13.93,6.4
30.37531,69.34511,2019,7,24,0,39.06,85.94,14.73,38.88,24.15,31.13,4.3,0.59,-999,9.89,34.07,12.9,6.51
30.37531,69.34511,2019,7,25,0.57,22.65,85.82,18,41.22,23.22,31.99,4.53,0.6,6.65,9.49,34.38,7.84,6.61
30.37531,69.34511,2019,7,26,4.25,38.43,85.83,14.09,36.76,22.68,29.7,3.68,0.56,6.5,9.82,32.54,11.7,6.22
30.37531,69.34511,2019,7,27,1.52,39.87,85.84,14.49,37.87,23.38,30.2,2.76,0.58,6.53,9.96,32.63,12.5,6.36
30.37531,69.34511,2019,7,28,6.06,54.77,86.13,11.88,35.32,23.44,28.4,3.48,0.54,-999,10.2,31.27,15.45,5.98
30.37531,69.34511,2019,7,29,0.07,60.58,86.29,8.99,32.3,23.31,27.44,4.91,0.48,-999,10.06,29.98,16.14,5.28
30.37531,69.34511,2019,7,30,0.14,51.19,86.18,12.77,35.56,22.78,29.15,3.6,0.54,-999,9.97,32.75,15.07,5.87
30.37531,69.34511,2019,7,31,0.23,48.81,86.04,14.07,37.77,23.71,30.58,4.67,0.57,-999,10.13,33.91,15.63,6.26
30.37531,69.34511,2019,8,1,0.13,49.6,85.95,10.32,36.21,25.89,30.37,3.3,0.54,-999,10.36,32.33,15.71,5.94
30.37531,69.34511,2019,8,2,0.12,43.79,85.92,12.79,37.52,24.73,30.48,4.38,0.59,-999,10.01,33.13,13.95,6.45
30.37531,69.34511,2019,8,3,0.03,47.03,85.99,12.69,36.84,24.15,30.16,3.93,0.55,-999,9.97,33.57,14.7,6.01
30.37531,69.34511,2019,8,4,0,38.98,85.94,13.96,39.47,25.52,31.81,2.34,0.58,-999,9.84,35.11,13.38,6.33
30.37531,69.34511,2019,8,5,0,36.16,85.79,15.75,39.63,23.88,32,3.82,0.61,-999,9.76,35.83,12.56,6.56
30.37531,69.34511,2019,8,6,0,30.73,85.72,16,40.79,24.79,32.5,2.78,0.61,-999,9.81,35.82,10.98,6.55
30.37531,69.34511,2019,8,7,0.97,33.31,85.75,15.09,39,23.9,31.63,3.54,0.46,-999,10.26,35.52,11.33,4.99
30.37531,69.34511,2019,8,8,13.44,54.07,85.86,8.3,33.47,25.17,28.86,3.36,0.39,-999,10.38,31.79,15.72,4.16
30.37531,69.34511,2019,8,9,24.06,77.11,85.95,4.91,28.84,23.93,26.01,3.89,0.12,-999,10.29,26.86,19,1.26
30.37531,69.34511,2019,8,10,2.08,70.5,86.06,7.98,30.27,22.29,25.75,3.9,0.47,-999,10.02,27.37,17.06,5.05
30.37531,69.34511,2019,8,11,1.41,69.49,86.11,9.88,31.5,21.62,25.94,6.04,0.31,-999,9.93,27.96,16.99,3.34
30.37531,69.34511,2019,8,12,0,61.31,86.13,13.03,34.72,21.69,27.66,5.3,0.6,-999,9.62,31.03,16.58,6.32
30.37531,69.34511,2019,8,13,0,56.47,86.09,13.13,35.16,22.03,28.31,2.38,0.6,6.41,9.85,30.93,15.86,6.34
30.37531,69.34511,2019,8,14,0,53.08,86.19,13.32,35.14,21.83,28.08,3.46,0.61,-999,9.63,30.1,14.69,6.38
30.37531,69.34511,2019,8,15,0,51.5,86.26,13.58,35.53,21.95,28.35,4.07,0.59,-999,9.7,30.9,14.45,6.23
30.37531,69.34511,2019,8,16,0,44.65,86.09,14.11,36.01,21.9,28.76,2.47,0.6,6.47,9.32,30.66,12.85,6.32
30.37531,69.34511,2019,8,17,0,47.83,86.13,12,34.09,22.09,27.61,2.02,0.62,6.61,8.81,30.16,12.87,6.5
30.37531,69.34511,2019,8,18,0.05,42.02,86.29,13.4,33.84,20.44,27.02,3.75,0.63,6.63,8.57,28.77,10.89,6.59
30.37531,69.34511,2019,8,19,0.18,46.68,86.58,13.5,33.96,20.46,26.87,2.94,0.61,6.56,8.69,29.29,11.96,6.3
30.37531,69.34511,2019,8,20,0,46.53,86.58,13.35,33.72,20.37,26.75,3.18,0.63,6.54,8.75,28.99,11.84,6.45
30.37531,69.34511,2019,8,21,0,37.38,86.39,15.34,35.16,19.83,26.93,3.7,0.64,6.63,8.31,28.7,9.62,6.62
30.37531,69.34511,2019,8,22,0,35.89,86.38,15.18,34.77,19.59,27.04,2.9,0.61,6.42,8.95,29.2,9.29,6.26
30.37531,69.34511,2019,8,23,0,32.97,86.41,15.09,35.93,20.84,27.78,2.82,0.62,6.36,8.9,29.84,8.91,6.35
30.37531,69.34511,2019,8,24,0,33.35,86.38,15.52,35.95,20.42,27.86,4.48,0.63,6.4,8.7,30.16,9.06,6.37
30.37531,69.34511,2019,8,25,0,32.64,86.35,16.1,36.08,19.99,27.84,2.76,0.62,6.34,8.86,30.33,8.85,6.31
30.37531,69.34511,2019,8,26,0,32.62,86.42,15.4,36.33,20.94,28.56,2.78,0.59,-999,9.16,31.17,9.22,5.98
30.37531,69.34511,2019,8,27,0,35.06,86.43,13.55,35.93,22.38,28.92,3.8,0.61,6.17,9.13,31.58,10.13,6.14
30.37531,69.34511,2019,8,28,0,43.32,86.5,12.5,35.42,22.92,29.03,4.46,0.56,-999,9.64,31.55,12.6,5.59
30.37531,69.34511,2019,8,29,0.08,43.75,86.55,10.11,33.86,23.75,28.07,5.02,0.41,-999,9.89,30.09,12.02,4.08
30.37531,69.34511,2019,8,30,0,38.58,86.31,14.34,35.92,21.58,28.67,2.39,0.54,-999,9.87,31.53,11.01,5.36
30.37531,69.34511,2019,8,31,0.07,38.44,86.16,13.08,35.38,22.31,28.82,3.03,0.53,5.9,9.72,31.87,11.08,5.24
30.37531,69.34511,2019,9,1,4.45,45.99,86.27,11.83,34.73,22.9,28.16,3.56,0.41,-999,9.8,31.11,12.75,4.03
30.37531,69.34511,2019,9,2,1.79,59.1,86.37,10.22,32.71,22.49,27.09,3.79,0.58,-999,9.68,29.49,15.4,5.68
30.37531,69.34511,2019,9,3,0.03,51.66,86.24,12.97,35.43,22.47,28.42,3.53,0.63,6.25,9.45,31.04,14.56,6.21
30.37531,69.34511,2019,9,4,0,38.06,86.16,15.41,36.58,21.17,28.86,2.29,0.65,-999,8.85,31.29,11,6.34
30.37531,69.34511,2019,9,5,0,25.44,86.18,17.93,38.59,20.66,29.28,3.96,0.66,6.52,8.56,31.66,7.51,6.46
30.37531,69.34511,2019,9,6,0,20.99,86.14,16.29,37.87,21.58,29.03,1.75,0.68,6.6,8.26,30.97,6.11,6.57
30.37531,69.34511,2019,9,7,0,21.18,86.14,15.25,36.7,21.45,28.52,2.83,0.67,6.56,8.33,30.09,5.98,6.48
30.37531,69.34511,2019,9,8,0,21.54,86.34,16.75,36.22,19.47,27.94,4.03,0.64,-999,8.82,30.39,5.87,6.17
30.37531,69.34511,2019,9,9,0,28.98,86.29,16.4,38.25,21.85,29.33,3.16,0.67,6.43,8.41,32.33,8.58,6.43
30.37531,69.34511,2019,9,10,0,15.38,86.21,20.27,39.77,19.51,29.37,3.49,0.67,6.41,8.11,31.3,4.55,6.41
30.37531,69.34511,2019,9,11,0,12.48,86.35,18.83,38.87,20.04,29.09,4.28,0.67,6.38,8.04,31.18,3.63,6.34
30.37531,69.34511,2019,9,12,0,12.45,86.41,18.86,38.86,20,28.96,2.82,0.68,6.41,7.83,30.77,3.59,6.41
30.37531,69.34511,2019,9,13,0,12.82,86.5,17.99,37.04,19.04,28.05,3.68,0.67,6.35,7.85,30.35,3.5,6.31
30.37531,69.34511,2019,9,14,0,12.24,86.54,19.77,38.39,18.63,28.49,4.08,0.66,6.28,8.16,30.32,3.43,6.2
30.37531,69.34511,2019,9,15,0,13.56,86.55,17.32,37.44,20.13,28.21,2.74,0.67,6.22,7.97,29.57,3.74,6.19
30.37531,69.34511,2019,9,16,0,8.34,86.44,19.43,37.34,17.92,27.14,5.33,0.68,6.31,7.55,28.98,2.16,6.31
30.37531,69.34511,2019,9,17,0,11.6,86.49,19.72,36.35,16.63,26.58,5.45,0.68,6.24,7.66,28.56,2.91,6.23
30.37531,69.34511,2019,9,18,0,24.71,86.8,14.6,35.31,20.71,27.65,1.89,0.66,6.06,8.07,29.5,6.59,6.02
30.37531,69.34511,2019,9,19,0,20.05,86.88,15.93,35.34,19.41,27.26,2.2,0.65,5.94,8.32,29.03,5.22,5.94
30.37531,69.34511,2019,9,20,0,32.2,86.81,14.44,34.09,19.65,26.76,2.62,0.62,5.94,8.39,29.02,8.16,5.61
30.37531,69.34511,2019,9,21,0,36.1,86.75,12.68,33.34,20.67,26.51,2.33,0.61,5.83,8.72,29.54,9.02,5.51
30.37531,69.34511,2019,9,22,0,39.04,86.84,14.69,34.34,19.65,26.77,2.7,0.62,-999,8.85,29.66,9.9,5.59
30.37531,69.34511,2019,9,23,0,45.51,86.97,12.77,33.17,20.4,26.54,2.63,0.55,-999,9.16,29.13,11.38,4.94
30.37531,69.34511,2019,9,24,0,45.63,86.99,12.95,33.5,20.54,26.75,3.24,0.6,-999,8.89,29.4,11.55,5.28
30.37531,69.34511,2019,9,25,0,45.55,87.09,11.06,32.18,21.12,26.3,2.48,0.57,-999,9.01,28.83,11.21,5.05
30.37531,69.34511,2019,9,26,0,45.17,87.17,12.54,32.92,20.38,26.43,3.01,0.6,-999,8.98,29.06,11.19,5.22
30.37531,69.34511,2019,9,27,0,42.98,86.98,13.85,34.15,20.3,27.02,3.44,0.62,5.49,8.89,29.88,11.05,5.38
30.37531,69.34511,2019,9,28,0.16,43.44,86.79,13.29,33.5,20.21,26.46,2.97,0.64,5.56,8.67,29.05,10.83,5.52
30.37531,69.34511,2019,9,29,0.15,47.63,86.87,12.62,32.25,19.63,25.46,2.83,0.57,-999,8.99,27.84,11.18,4.89
30.37531,69.34511,2019,9,30,0,47.89,86.8,12.14,31.85,19.71,25.03,4.54,0.6,-999,8.71,27.25,10.97,5.16
30.37531,69.34511,2019,10,1,0.05,38.84,86.76,14.82,32.66,17.84,25.08,3.23,0.67,5.72,8.37,27.88,8.92,5.66
30.37531,69.34511,2019,10,2,0.22,47.73,86.9,11.38,29.98,18.6,24.08,4.33,0.66,5.58,8.58,25.64,10.31,5.56
30.37531,69.34511,2019,10,3,0.22,49.98,86.81,12.84,29.47,16.63,23,3.78,0.65,5.59,8.4,24.83,10.13,5.42
30.37531,69.34511,2019,10,4,0.37,59.52,86.94,8.68,25.53,16.85,20.55,3.86,0.64,-999,8.02,22.25,10.37,5.32
30.37531,69.34511,2019,10,5,3.43,63.45,86.96,8.71,24.12,15.41,19.04,4.46,0.59,-999,8.07,20.32,10.07,4.9
30.37531,69.34511,2019,10,6,1.8,74.46,87.04,4.71,18.93,14.22,16.76,4.52,0.2,-999,8.35,17.51,10.23,1.64
30.37531,69.34511,2019,10,7,0.01,48.4,87.2,15.47,27.2,11.73,18.81,3.08,0.68,5.55,7.33,20.98,7.53,5.53
30.37531,69.34511,2019,10,8,0,31.46,87.07,18.43,30.55,12.12,20.76,4.01,0.69,5.55,7.26,21.76,5.53,5.55
30.37531,69.34511,2019,10,9,0,27.85,87.03,16.15,29.44,13.29,21,1.81,0.68,5.48,7.26,22.19,4.97,5.48
30.37531,69.34511,2019,10,10,0,33.19,87.02,14.07,29.02,14.95,20.95,3.78,0.67,5.38,7.48,21.59,5.91,5.35
30.37531,69.34511,2019,10,11,0.44,33.06,86.92,15.56,29.05,13.49,20.84,1.79,0.58,5.32,7.69,21.94,5.85,4.63
30.37531,69.34511,2019,10,12,0.29,31.33,87.02,15.78,29.62,13.84,21.21,2.52,0.67,5.28,7.57,22.33,5.66,5.27
30.37531,69.34511,2019,10,13,0,33.17,87.11,15.14,29.51,14.37,21.36,1.08,0.67,5.27,7.45,22.61,6.05,5.27
30.37531,69.34511,2019,10,14,0,22.92,87.13,17.79,30.79,13,21.47,4.48,0.68,5.26,7.3,22.73,4.2,5.26
30.37531,69.34511,2019,10,15,0,19.18,87.19,17.98,30.73,12.75,21.16,4.37,0.68,5.25,7.16,22.25,3.44,5.25
30.37531,69.34511,2019,10,16,0,17.48,87.21,18.36,30.04,11.67,20.58,2.52,0.69,5.25,7.02,21.28,3.03,5.25
30.37531,69.34511,2019,10,17,0,18.18,87.15,16.34,28.63,12.29,20.02,3.26,0.68,5.17,7.1,20.94,3.05,5.14
30.37531,69.34511,2019,10,18,0.14,30.6,87.16,15.06,26.78,11.72,18.58,1.61,0.53,-999,7.35,19.8,4.69,3.99
30.37531,69.34511,2019,10,19,0,47.41,87.35,15.01,25.93,10.91,17.85,2.65,0.67,5.05,7.02,19.26,6.94,5.03
30.37531,69.34511,2019,10,20,0,36.99,87.31,12.89,26.53,13.64,19.06,4.24,0.62,4.94,7.46,19.84,5.84,4.56
30.37531,69.34511,2019,10,21,0,26.8,87.16,15.74,27.22,11.47,18.62,1.25,0.68,5.02,6.83,19.44,4.12,5.02
30.37531,69.34511,2019,10,22,0,23.7,86.93,16.71,27.86,11.15,18.87,2.62,0.66,4.91,7.08,19.5,3.71,4.85
30.37531,69.34511,2019,10,23,0,26.9,86.82,16.52,27.41,10.9,18.72,4.13,0.68,4.89,7.01,19.64,4.17,4.89
30.37531,69.34511,2019,10,24,0,21.72,86.91,16.33,26.62,10.29,18.16,3.48,0.67,4.82,6.98,18.68,3.25,4.78
30.37531,69.34511,2019,10,25,0,26.21,87.03,16.05,26.57,10.53,18.07,2.35,0.67,4.77,6.96,18.52,3.9,4.75
30.37531,69.34511,2019,10,26,0,27.75,87.16,15.99,26.72,10.72,18.29,2.89,0.67,4.72,7.06,18.86,4.17,4.71
30.37531,69.34511,2019,10,27,0,29.53,87.15,15.12,27.21,12.09,18.87,3,0.66,4.62,7.3,19.22,4.61,4.62
30.37531,69.34511,2019,10,28,0,28.75,87.12,17.09,28.97,11.88,19.67,4.47,0.65,4.58,7.47,20.58,4.72,4.56
30.37531,69.34511,2019,10,29,0,28.28,87.17,15.42,28.83,13.4,20.18,3.55,0.65,4.52,7.54,20.82,4.79,4.49
30.37531,69.34511,2019,10,30,0.01,28.1,87.1,16.4,29.29,12.88,20.22,1.71,0.66,4.52,7.34,20.71,4.77,4.51
30.37531,69.34511,2019,10,31,0.83,31.18,87.05,15.88,28.19,12.31,19.7,3.15,0.65,4.47,7.57,20.62,5.13,4.41
30.37531,69.34511,2019,11,1,2.04,45.87,87.02,10.94,25.44,14.5,19.21,2.43,0.65,4.53,7.98,20.19,7.34,4.42
30.37531,69.34511,2019,11,2,3.72,71.76,87.15,7.13,19.91,12.78,16.31,3.82,0.46,-999,8.03,16.56,9.56,3.13
30.37531,69.34511,2019,11,3,0.03,54.73,87.24,14.37,24.58,10.21,16.77,2.48,0.67,4.52,7.33,17.59,7.49,4.52
30.37531,69.34511,2019,11,4,0,37.52,87.24,16.11,25.63,9.51,16.61,3.78,0.69,4.57,6.76,17.06,5.08,4.57
30.37531,69.34511,2019,11,5,0.12,39.91,86.96,15.74,24.94,9.21,16.33,2.69,0.68,4.48,7.01,17.03,5.32,4.47
30.37531,69.34511,2019,11,6,0.01,41.74,86.55,15,22.04,7.04,13.63,6.13,0.69,4.54,6.33,14.25,4.7,4.54
30.37531,69.34511,2019,11,7,0,32.16,86.7,14.86,19.85,5,11.81,5.55,0.68,4.49,6.09,12.36,3.21,4.45
30.37531,69.34511,2019,11,8,0,33.48,87.16,16.11,19.88,3.77,11.32,3.08,0.69,4.48,6.01,11.91,3.21,4.44
30.37531,69.34511,2019,11,9,0,32.95,87.23,17.17,21.55,4.38,12.58,4.45,0.69,4.45,6.08,12.79,3.43,4.45
30.37531,69.34511,2019,11,10,0,27.56,87.1,17.39,22.91,5.52,13.97,4.23,0.68,4.34,6.59,13.88,3.15,4.32
30.37531,69.34511,2019,11,11,0.01,30.24,86.96,10.28,20.21,9.92,14.22,1.76,0.55,-999,7.44,13.93,3.52,3.46
30.37531,69.34511,2019,11,12,0.06,41.25,87.02,13.26,21.37,8.1,13.85,4.37,0.52,-999,7.53,13.98,4.68,3.24
30.37531,69.34511,2019,11,13,0.15,50.55,87.23,12.63,20.09,7.46,13.6,3.06,0.31,-999,7.56,13.95,5.64,1.92
30.37531,69.34511,2019,11,14,4.63,71.29,87.25,7.05,16.37,9.32,12.47,2.76,0.29,-999,7.98,12.38,7.39,1.81
30.37531,69.34511,2019,11,15,11.5,79.03,87.17,9.92,17.02,7.09,11.47,3.47,0.36,-999,7.95,12.07,7.68,2.24
30.37531,69.34511,2019,11,16,0.12,67.04,87.25,12.42,18.85,6.42,12.1,2.52,0.65,-999,6.86,13.1,6.78,3.98
30.37531,69.34511,2019,11,17,0,59.19,87.4,12.39,19.88,7.48,12.61,2.58,0.66,4.03,6.59,12.52,6.18,4.01
30.37531,69.34511,2019,11,18,0,31.27,87.21,17.51,22.69,5.18,12.78,6.45,0.69,4.16,6.05,11.98,3.3,4.16
30.37531,69.34511,2019,11,19,0,32.18,87.07,17.5,22.73,5.23,12.51,5.76,0.67,4.08,6.29,11.87,3.34,4.06
30.37531,69.34511,2019,11,20,0,39.56,87.01,14.13,21.39,7.26,13.15,2.93,0.58,-999,7.1,12.55,4.29,3.5
30.37531,69.34511,2019,11,21,0.2,59.99,87.22,8.53,17.91,9.39,12.38,4.19,0.27,-999,7.92,11.39,6.18,1.63
30.37531,69.34511,2019,11,22,0.9,79.49,87.25,6.59,14.08,7.49,10.35,3.69,0.14,-999,7.78,10.28,7.16,0.84
30.37531,69.34511,2019,11,23,0,53.27,87.29,13.8,17.24,3.44,10.13,4.39,0.61,3.87,6.58,10.36,4.72,3.61
30.37531,69.34511,2019,11,24,0,38.47,87.2,16.42,18.3,1.88,9.41,3.9,0.68,3.98,5.84,8.62,3.25,3.97
30.37531,69.34511,2019,11,25,0,42.3,87.17,16.91,19.37,2.46,9.92,4.07,0.66,3.85,6.05,9.13,3.7,3.85
30.37531,69.34511,2019,11,26,0,53.53,87.16,13.67,18.1,4.42,10.28,2.85,0.62,-999,6.51,9.43,4.8,3.61
30.37531,69.34511,2019,11,27,0,44.33,87.1,14.91,16.97,2.06,8.75,4.37,0.65,3.82,6.01,8.43,3.58,3.76
30.37531,69.34511,2019,11,28,0,43.11,87.25,16.37,17.12,0.75,8.35,5.45,0.67,3.83,5.77,8.1,3.39,3.82
30.37531,69.34511,2019,11,29,0,37.37,87.32,16.55,17.6,1.05,8.74,4.71,0.67,3.81,5.81,7.87,3.01,3.81
30.37531,69.34511,2019,11,30,0,38.85,87.27,16.66,18.15,1.48,9.44,4.19,0.65,3.71,6.03,8.14,3.28,3.71
30.37531,69.34511,2019,12,1,0,42.22,87.24,16.5,19.16,2.66,9.84,3.86,0.69,3.87,6.07,9.2,3.67,3.87
30.37531,69.34511,2019,12,2,0,35.91,87.32,17.15,19.8,2.65,10.62,5.74,0.7,3.92,5.88,9.49,3.28,3.92
30.37531,69.34511,2019,12,3,0,31.05,87.32,16.68,20.27,3.6,11.37,2.55,0.7,3.92,5.89,8.99,2.98,3.9
30.37531,69.34511,2019,12,4,0,31.21,87.35,15.95,20.05,4.11,10.96,3.18,0.7,3.91,5.81,8.7,2.92,3.9
30.37531,69.34511,2019,12,5,0,34.7,87.54,17.45,20.13,2.69,10.4,3.26,0.7,3.87,5.86,9.05,3.12,3.87
30.37531,69.34511,2019,12,6,0,31.32,87.6,16.4,19.67,3.27,11.04,3.62,0.7,3.86,5.79,8.72,2.94,3.86
30.37531,69.34511,2019,12,7,0,28.87,87.49,17.78,20.25,2.47,10.59,4.95,0.7,3.87,5.69,9.19,2.63,3.87
30.37531,69.34511,2019,12,8,0,27.98,87.43,17.44,19.58,2.15,10.63,3.8,0.66,3.82,6.43,9.51,2.56,3.61
30.37531,69.34511,2019,12,9,0,33.88,87.29,14.47,20.54,6.07,12.36,2.12,0.62,3.62,7.19,12.07,3.48,3.41
30.37531,69.34511,2019,12,10,0,53.41,87.1,13.99,19.35,5.36,11.4,4.83,0.65,3.62,6.7,11.13,5.16,3.55
30.37531,69.34511,2019,12,11,0,53.35,86.84,10.75,14.82,4.07,8.94,4.3,0.22,-999,7.22,8.52,4.39,1.21
30.37531,69.34511,2019,12,12,1.79,62.23,86.69,9.4,13.24,3.85,7.76,2.56,0.23,-999,7.43,7.88,4.73,1.23
30.37531,69.34511,2019,12,13,0.01,52.5,86.7,14.03,13.87,-0.16,5.75,2.21,0.65,-999,6.02,6.08,3.47,3.52
30.37531,69.34511,2019,12,14,0,43.32,87.17,15.85,15.31,-0.54,6.32,5.5,0.45,-999,6.29,6.43,2.96,2.45
30.37531,69.34511,2019,12,15,0,49.71,87.36,14.54,14.51,-0.03,6.56,3.65,0.68,3.67,5.73,6.29,3.45,3.66
30.37531,69.34511,2019,12,16,0,44.65,87.39,16.47,15.88,-0.6,6.84,4.94,0.68,3.7,5.62,6.46,3.16,3.7
30.37531,69.34511,2019,12,17,0,41.73,87.47,15.77,16.52,0.76,7.49,4.5,0.68,3.65,5.91,7.23,3.08,3.65
30.37531,69.34511,2019,12,18,0.01,40.51,87.32,17.26,19.39,2.13,10.07,3.38,0.63,3.53,6.77,9.55,3.57,3.39
30.37531,69.34511,2019,12,19,0.2,53,87.19,11.6,19.11,7.5,11.88,2.13,0.43,-999,7.27,12.22,5.28,2.33
30.37531,69.34511,2019,12,20,0,45,87.06,12.05,14.93,2.89,8.19,3.68,0.67,-999,6.06,8.53,3.51,3.61
30.37531,69.34511,2019,12,21,0,32.54,87.2,16.27,16.38,0.11,7.27,5.97,0.69,3.73,5.49,6.82,2.37,3.73
30.37531,69.34511,2019,12,22,0,27.62,87.27,18.01,17.58,-0.43,7.18,5.28,0.7,3.78,5.39,6.65,2,3.78
30.37531,69.34511,2019,12,23,0,29.35,87.09,17.03,16.34,-0.69,6.4,4.16,0.65,-999,5.73,5.78,2.02,3.48
30.37531,69.34511,2019,12,24,0,27.35,87.19,17.89,16.84,-1.05,6.65,5.26,0.7,3.76,5.44,5.9,1.91,3.76
30.37531,69.34511,2019,12,25,0,29.26,87.23,18.05,17.12,-0.93,6.93,4.61,0.7,3.75,5.45,6.16,2.08,3.75
30.37531,69.34511,2019,12,26,0,22.7,87.18,19.51,19.34,-0.18,8.54,5.96,0.7,3.8,5.46,7.27,1.81,3.8
30.37531,69.34511,2019,12,27,0,20.52,87.13,17.72,18.97,1.25,8.61,3.13,0.69,3.8,5.54,6.69,1.64,3.74
30.37531,69.34511,2019,12,28,0,23.19,87.14,18.88,17.81,-1.07,6.9,3.08,0.7,3.86,5.32,5.91,1.65,3.82
30.37531,69.34511,2019,12,29,0,27.35,87.18,17.99,17.04,-0.95,6.45,2.94,0.7,3.81,5.39,5.55,1.89,3.81
30.37531,69.34511,2019,12,30,0,32.82,87.06,17.7,16.83,-0.87,6.66,2.41,0.69,3.77,5.59,6.21,2.3,3.76
30.37531,69.34511,2019,12,31,0,38.72,87.09,17.04,15.42,-1.62,5.6,3.11,0.68,3.72,5.66,5.77,2.52,3.71
30.37531,69.34511,2020,1,1,0,38.25,87.27,13.78,13.09,-0.68,4.69,3.58,0.59,-999,6.06,4.41,2.33,3.23
30.37531,69.34511,2020,1,2,0,60.27,87.42,11.34,9.09,-2.25,3,2.41,0.37,-999,6.64,2.97,3.26,2.05
30.37531,69.34511,2020,1,3,0.13,51.4,87.25,14.39,14.83,0.43,6.19,3.46,0.68,3.76,6.14,5.82,3.48,3.72
30.37531,69.34511,2020,1,4,0.51,46.07,87.09,16.43,16.07,-0.36,7.22,3.9,0.65,3.79,6.48,7.16,3.36,3.6
30.37531,69.34511,2020,1,5,6.49,67.43,87.06,6.05,9.86,3.81,6.78,5.41,0.09,-999,7.75,6.41,4.77,0.48
30.37531,69.34511,2020,1,6,11.49,92.22,87.01,3.8,6.58,2.78,4.53,2.86,0.22,-999,7.46,4.95,5.59,1.22
30.37531,69.34511,2020,1,7,0.02,58.41,86.98,13.43,12.02,-1.41,4.22,3.88,0.7,3.91,5.67,4.58,3.46,3.9
30.37531,69.34511,2020,1,8,0,36.76,86.91,15.5,11.9,-3.61,2.53,4.46,0.73,4.08,4.79,1.97,1.93,4.08
30.37531,69.34511,2020,1,9,0,35.85,87.2,18.11,14.7,-3.41,3.72,4.82,0.73,4.11,5.01,3.22,2.04,4.1
30.37531,69.34511,2020,1,10,0,41.29,87.28,12.85,11.73,-1.12,4.59,2.62,0.64,-999,6.1,3.54,2.5,3.63
30.37531,69.34511,2020,1,11,1.2,50.67,87.19,10.68,12.76,2.08,6.21,3.96,0.24,-999,7.68,6.22,3.44,1.35
30.37531,69.34511,2020,1,12,8.19,80.49,86.89,8.06,8.37,0.31,3.83,5.2,0.17,-999,7.32,4.56,4.65,0.99
30.37531,69.34511,2020,1,13,2.93,61.69,86.36,12.5,9.35,-3.15,2.07,7.05,0.61,4.05,5.93,2.01,3.16,3.49
30.37531,69.34511,2020,1,14,1.64,56.87,86.75,14.49,10.29,-4.19,1.9,6.61,0.7,4.06,5.34,1.63,2.86,4
30.37531,69.34511,2020,1,15,0,53.78,86.94,15.35,11.26,-4.1,2.96,4.46,0.7,4.07,5.58,2.38,2.92,4.03
30.37531,69.34511,2020,1,16,0,46.71,87,16.03,12.86,-3.17,3.88,6.24,0.71,4.14,5.4,3.5,2.7,4.13
30.37531,69.34511,2020,1,17,0,39.73,86.97,15.44,12.98,-2.46,3.85,5.29,0.72,4.2,5.29,3.61,2.29,4.19
30.37531,69.34511,2020,1,18,0,39.38,87.13,16.98,13.39,-3.58,4.06,5.54,0.72,4.24,5.25,3.34,2.3,4.22
30.37531,69.34511,2020,1,19,0,42.43,87.22,16.66,13.71,-2.95,4.51,3.84,0.65,-999,6.22,4.09,2.56,3.84
30.37531,69.34511,2020,1,20,0.11,66.45,87.03,7.6,8.61,1.01,4.53,2.3,0.31,-999,6.89,3.9,4.02,1.85
30.37531,69.34511,2020,1,21,0.04,63,87.07,10.83,12.21,1.38,5.77,3.87,0.62,4.21,6.25,5.04,4.16,3.73
30.37531,69.34511,2020,1,22,0.01,63.72,87.47,13.97,13.08,-0.9,5.33,5.25,0.69,4.23,5.86,4.64,4.06,4.15
30.37531,69.34511,2020,1,23,0,54.2,87.41,17.19,15.78,-1.41,6.48,4.12,0.71,4.3,5.78,6.26,3.74,4.3
30.37531,69.34511,2020,1,24,0.18,62.41,87.16,15.14,15.93,0.79,7.7,4.07,0.69,4.21,6.39,7.32,4.7,4.2
30.37531,69.34511,2020,1,25,0.31,67.51,87.04,13.38,16.65,3.26,8.77,2,0.64,4.28,6.56,8.67,5.48,3.95
30.37531,69.34511,2020,1,26,0.45,54.84,86.91,16.07,16.9,0.83,7.9,4.39,0.7,4.36,6.32,8.18,4.2,4.33
30.37531,69.34511,2020,1,27,3.75,67.64,86.59,8.06,11.76,3.7,7.54,5.13,0.25,-999,6.98,7.2,5.07,1.54
30.37531,69.34511,2020,1,28,0.05,54.87,86.51,13.77,13.34,-0.43,5.7,3.33,0.57,-999,6.3,6,3.62,3.58
30.37531,69.34511,2020,1,29,0,37.74,86.86,16.02,14.07,-1.94,5.15,5.66,0.73,4.63,5.37,4.81,2.39,4.6
30.37531,69.34511,2020,1,30,0,41.73,87.15,16.8,13.71,-3.09,4.65,2.08,0.73,4.62,5.46,4.44,2.54,4.62
30.37531,69.34511,2020,1,31,0,41.25,86.87,13.85,13.24,-0.61,4.92,5.69,0.66,4.62,5.68,4.07,2.57,4.2
30.37531,69.34511,2020,2,1,0,45.76,87.18,17.07,14.66,-2.41,5.55,5.39,0.7,4.53,5.55,5.66,2.97,4.53
30.37531,69.34511,2020,2,2,0,47.63,87.35,13.16,14.43,1.27,7.03,4.42,0.7,4.55,5.67,5.46,3.42,4.55
30.37531,69.34511,2020,2,3,1.31,53.91,87.11,12.41,14.56,2.15,6.88,5.19,0.68,4.49,6.37,5.99,3.84,4.45
30.37531,69.34511,2020,2,4,6.28,48.26,86.97,13.04,13.92,0.88,6.23,5.25,0.7,4.68,5.97,6.09,3.29,4.61
30.37531,69.34511,2020,2,5,1.56,56.39,87.15,15.64,13.5,-2.14,4.61,2.91,0.71,4.7,5.51,4.97,3.43,4.7
30.37531,69.34511,2020,2,6,0,36.18,87,17.81,16.06,-1.75,5.54,5.01,0.73,4.85,5.29,5.33,2.35,4.85
30.37531,69.34511,2020,2,7,0,39.35,87.29,18.17,16.56,-1.61,6.6,5.67,0.72,4.84,5.47,6.87,2.74,4.84
30.37531,69.34511,2020,2,8,0,38.16,87.45,19.67,18.64,-1.03,7.72,4.21,0.73,4.93,5.55,7.42,2.86,4.91
30.37531,69.34511,2020,2,9,0,44.4,87.43,14.95,15.65,0.7,7.67,3.82,0.56,-999,6.49,6.79,3.32,3.81
30.37531,69.34511,2020,2,10,0,43.03,87.28,14.39,17.56,3.17,9.38,4.32,0.68,4.81,6.51,8.46,3.62,4.69
30.37531,69.34511,2020,2,11,4.73,46.76,87.3,10.84,16.47,5.64,10.06,5.17,0.35,-999,7.62,8.95,4.12,2.43
30.37531,69.34511,2020,2,12,5.15,57.35,87.45,10.57,15.88,5.31,10,4.36,0.42,-999,7.81,9.27,5.03,2.94
30.37531,69.34511,2020,2,13,0.02,47.43,87.31,15.41,17.97,2.56,9.65,6.19,0.7,4.96,6.21,9.39,4.07,4.91
30.37531,69.34511,2020,2,14,0.01,27.84,87.2,21.69,21.33,-0.35,9.45,7.63,0.74,5.19,5.66,9.32,2.36,5.19
30.37531,69.34511,2020,2,15,0,33.11,87.12,21.04,23.65,2.61,11.57,3.75,0.72,5.13,6.11,11.33,3.23,5.13
30.37531,69.34511,2020,2,16,0,30.34,87.34,20.16,23.3,3.14,12.05,4.74,0.72,5.21,6.08,11.91,3.05,5.17
30.37531,69.34511,2020,2,17,0,26.22,87.46,19.66,22.81,3.15,12.48,6.21,0.73,5.31,5.92,11.68,2.71,5.29
30.37531,69.34511,2020,2,18,0,33.08,87.18,19.99,23.83,3.85,12.42,2.6,0.71,5.24,6.46,12.21,3.41,5.15
30.37531,69.34511,2020,2,19,0,37.59,86.7,14.29,18.29,4,9.95,5.77,0.71,5.34,5.97,10.05,3.31,5.23
30.37531,69.34511,2020,2,20,0,42.66,86.97,17.66,17.69,0.04,8.28,3.21,0.72,5.33,5.82,9.18,3.35,5.33
30.37531,69.34511,2020,2,21,0,54.03,87.34,15.97,18.59,2.62,10.08,4.45,0.69,5.26,6.55,10.56,4.77,5.12
30.37531,69.34511,2020,2,22,0,55.12,87.59,14.9,20.39,5.49,12.17,3.27,0.69,5.24,6.84,12.26,5.58,5.2
30.37531,69.34511,2020,2,23,0,54.06,87.39,15.12,20.95,5.84,12.56,3.8,0.7,5.32,6.76,12.95,5.62,5.29
30.37531,69.34511,2020,2,24,0,47.94,87.11,16.16,21.69,5.52,13.37,2.32,0.67,5.38,6.97,13.82,5.27,5.16
30.37531,69.34511,2020,2,25,0,39.93,87.04,16.99,22.78,5.78,13.54,4.12,0.7,5.5,6.61,13.87,4.44,5.37
30.37531,69.34511,2020,2,26,0,40.05,87.05,19.56,26.06,6.5,15.63,3.85,0.64,-999,7.43,16.04,5.1,4.94
30.37531,69.34511,2020,2,27,0.11,36.68,86.93,12.75,25.48,12.74,17.64,5.65,0.69,5.47,7.42,16.72,5.32,5.41
30.37531,69.34511,2020,2,28,72.71,61.62,86.77,10.6,19.03,8.43,13.54,3.78,0.49,5.45,7.38,13.12,6.89,3.9
30.37531,69.34511,2020,2,29,1.29,61.14,86.8,13.37,19.08,5.7,11.92,2.47,0.71,5.66,6.49,12.51,6.14,5.62
30.37531,69.34511,2020,3,1,0,61.6,87.02,15.87,20.25,4.39,12.03,3.43,0.68,5.51,6.63,12.78,6.22,5.46
30.37531,69.34511,2020,3,2,0,56.36,87,14.88,21.11,6.22,13.4,2.36,0.69,5.59,6.57,13.51,6.22,5.55
30.37531,69.34511,2020,3,3,0.79,55.27,86.84,15.43,20.95,5.52,13.01,4.35,0.63,5.61,6.92,13.15,5.96,5.08
30.37531,69.34511,2020,3,4,13.31,61.98,86.6,9.78,17.4,7.62,12.19,3.98,0.6,-999,7.24,11.66,6.35,4.9
30.37531,69.34511,2020,3,5,56.07,77.16,86.44,7.81,12.02,4.22,7.28,5.47,0.09,-999,7.56,7.94,5.69,0.76
30.37531,69.34511,2020,3,6,41.14,69.58,86.34,12.67,15.83,3.17,9.08,5.77,0.46,-999,7.8,9.68,5.81,3.83
30.37531,69.34511,2020,3,7,0,53.13,86.7,15.77,16.35,0.58,8.3,5.33,0.71,5.94,5.9,8.22,4.19,5.91
30.37531,69.34511,2020,3,8,0,45.47,87.03,18.38,17.49,-0.89,8.92,4.13,0.71,6.04,5.75,7.76,3.72,6.01
30.37531,69.34511,2020,3,9,0,65.2,87,14.93,17.4,2.47,9.58,4.03,0.69,5.9,6.27,9.57,5.59,5.83
30.37531,69.34511,2020,3,10,8.34,77.52,86.71,7.1,12.55,5.45,8.43,2.32,0.56,-999,7.28,8.2,6.17,4.8
30.37531,69.34511,2020,3,11,53.3,84.16,86.35,7.84,9.93,2.09,5.5,4.68,0.15,-999,7.59,5.86,5.5,1.27
30.37531,69.34511,2020,3,12,1.84,69.84,86.4,10.5,10.31,-0.19,5.89,3.33,0.24,-999,7.53,6.18,4.69,2.11
30.37531,69.34511,2020,3,13,0.01,65.8,86.98,16.1,16.64,0.53,8.62,3.87,0.68,-999,6.52,9.19,5.29,5.94
30.37531,69.34511,2020,3,14,0,56.07,87.08,17.31,18.91,1.6,10.09,6.3,0.7,6.16,6.23,10.21,4.97,6.15
30.37531,69.34511,2020,3,15,0,65.29,87.24,15.37,18.7,3.33,10.82,3.06,0.65,-999,6.96,10.56,6.06,5.77
30.37531,69.34511,2020,3,16,0,65.36,87.23,13.05,19.74,6.69,12.74,3.39,0.68,6.04,7.12,12.28,6.9,6.02
30.37531,69.34511,2020,3,17,3.88,64.67,87.33,10.18,17.78,7.6,13.09,4.34,0.58,6.08,7.29,11.87,6.97,5.17
30.37531,69.34511,2020,3,18,0,61.4,87.22,15.9,22.14,6.24,14,1.6,0.54,-999,7.27,13.87,7.04,4.83
30.37531,69.34511,2020,3,19,0,58.48,86.89,15.58,22.87,7.29,15.02,2.56,0.64,6.21,7.2,14.45,7.18,5.82
30.37531,69.34511,2020,3,20,19.01,70.39,86.77,8.61,19.88,11.26,14.64,4.07,0.5,-999,8,13.7,8.46,4.53
30.37531,69.34511,2020,3,21,2.48,63.59,86.85,11,21.34,10.34,15.18,4.29,0.67,6.3,7.25,14.34,7.9,6.11
30.37531,69.34511,2020,3,22,13.77,71.74,87.06,12.68,19.88,7.21,13.05,3.77,0.44,-999,7.77,12.99,7.74,4.07
30.37531,69.34511,2020,3,23,18.66,86.79,86.85,7.28,18.61,11.33,14.27,6.71,0.26,-999,8.39,14.44,10.18,2.38
30.37531,69.34511,2020,3,24,3.85,69.58,86.72,8.92,20.03,11.11,14.74,4.88,0.68,-999,7.65,14.93,8.42,6.35
30.37531,69.34511,2020,3,25,28.13,77.14,86.8,9.19,19.23,10.03,14.1,5.22,0.58,-999,7.76,14.04,8.95,5.45
30.37531,69.34511,2020,3,26,90.13,82.77,86.98,6.62,16.05,9.43,12.41,4.02,0.09,-999,8.05,11.66,8.58,0.87
30.37531,69.34511,2020,3,27,40.1,80.64,86.86,8.39,16.67,8.28,11.41,4.03,0.62,6.5,7.33,11.42,7.83,5.83
30.37531,69.34511,2020,3,28,0.01,64.77,87.03,13.78,19.15,5.37,12.38,2.73,0.69,6.62,6.71,11.96,6.69,6.58
30.37531,69.34511,2020,3,29,0.02,64.64,87.07,14.33,20.07,5.74,13.18,2.26,0.69,-999,7.18,13.19,7.03,6.6
30.37531,69.34511,2020,3,30,10.29,79.83,86.99,8.41,18.44,10.03,13.87,5.9,0.49,-999,8.31,13.79,9.1,4.65
30.37531,69.34511,2020,3,31,18.61,76.11,86.8,8.06,18.5,10.44,13.95,3.4,0.52,-999,7.66,14.13,8.75,5
30.37531,69.34511,2020,4,1,0.62,69.36,87.01,13.15,19.36,6.22,12.78,4.74,0.52,-999,7.06,12.35,7.36,5.06
30.37531,69.34511,2020,4,2,0,48.34,86.98,17.78,21.17,3.38,12.72,6.16,0.71,6.87,6.22,11.94,5.1,6.84
30.37531,69.34511,2020,4,3,0,60.21,87.04,16.11,22.27,6.17,14.24,2.77,0.68,6.65,6.88,13.59,7.02,6.64
30.37531,69.34511,2020,4,4,18.2,64.55,87.04,14.74,22.9,8.16,15.62,3.18,0.45,-999,7.81,14.8,8.23,4.38
30.37531,69.34511,2020,4,5,1.77,61.28,87.01,13.2,22.48,9.28,15.76,4.11,0.69,6.8,6.85,14.97,7.89,6.79
30.37531,69.34511,2020,4,6,0.05,66.46,87,12.69,21.67,8.98,15.37,5.4,0.49,6.66,7.5,14.54,8.35,4.84
30.37531,69.34511,2020,4,7,0.02,58.75,86.85,14.93,21.24,6.31,14.25,5.83,0.68,-999,6.99,13.84,6.87,6.76
30.37531,69.34511,2020,4,8,0,61.8,86.94,15.85,22.97,7.12,15.17,3.23,0.68,-999,7.13,15.14,7.66,6.72
30.37531,69.34511,2020,4,9,0,67.23,86.93,11.83,22.78,10.95,15.52,2.48,0.63,-999,7.65,14.77,8.53,6.33
30.37531,69.34511,2020,4,10,0,62.87,87.06,15.93,25.25,9.31,17.27,6.8,0.67,-999,7.61,16.99,8.9,6.72
30.37531,69.34511,2020,4,11,0,67.67,87.31,14.33,25.74,11.4,18.92,3.65,0.6,6.67,8.21,18.84,10.61,6
30.37531,69.34511,2020,4,12,0.05,64.37,87.14,13.41,27.44,14.03,20.77,3.19,0.57,-999,8.32,19.9,11.35,5.74
30.37531,69.34511,2020,4,13,0.09,64.9,86.89,10.28,26.12,15.84,20.1,1.86,0.66,6.79,8.49,19.09,11.01,6.74
30.37531,69.34511,2020,4,14,0.06,66.75,86.82,12.74,25.69,12.95,18.06,4.75,0.54,-999,8.19,17.06,9.97,5.54
30.37531,69.34511,2020,4,15,0,59.97,86.97,13.99,25.27,11.28,17.44,5.37,0.7,7.18,7.06,17.21,8.6,7.16
30.37531,69.34511,2020,4,16,1.06,61.88,86.86,15.73,24.24,8.51,16.24,3.78,0.39,-999,8.27,15.77,8.23,4.01
30.37531,69.34511,2020,4,17,5.1,70.7,86.6,8.98,21.57,12.59,16.94,5.16,0.41,-999,8.33,16.8,9.87,4.18
30.37531,69.34511,2020,4,18,0.18,66.59,86.75,13.57,22.59,9.02,15.92,3.64,0.67,7.07,7.51,16.76,8.69,6.9
30.37531,69.34511,2020,4,19,0.01,61.89,86.8,15.51,24.04,8.52,16.11,4.74,0.68,-999,7.81,16.94,8.17,7
30.37531,69.34511,2020,4,20,17.92,67.44,86.76,12.35,22.69,10.34,17.09,3.63,0.52,-999,8.33,17.93,9.48,5.42
30.37531,69.34511,2020,4,21,1.54,61.32,86.91,14.4,24.8,10.4,17.69,2.13,0.68,-999,7.67,17.95,8.94,7.11
30.37531,69.34511,2020,4,22,7.41,64.72,86.7,15.06,26.67,11.61,18.81,2.42,0.63,-999,8.19,18.48,10.15,6.55
30.37531,69.34511,2020,4,23,0.4,63.78,86.64,12.99,25.46,12.47,19.54,3.81,0.56,7.05,8.68,19.74,10.48,5.89
30.37531,69.34511,2020,4,24,7.55,66.43,86.58,11.43,25.29,13.86,20.09,2.13,0.63,7.15,8.32,19.95,11.31,6.63
30.37531,69.34511,2020,4,25,0.09,61.29,86.58,13.56,26.47,12.91,20.46,3.27,0.61,7.2,8.34,20.39,10.67,6.48
30.37531,69.34511,2020,4,26,0,53.17,86.72,16.85,29.48,12.63,21.4,3.98,0.68,7.28,8.03,20.76,9.78,7.25
30.37531,69.34511,2020,4,27,0.01,56.06,86.84,15.82,29.87,14.06,21.66,2.22,0.68,7.25,8.37,21.47,10.47,7.21
30.37531,69.34511,2020,4,28,0.52,65.65,87,11.52,27.43,15.91,21.55,3.33,0.67,-999,8.5,21.5,12.17,7.15
30.37531,69.34511,2020,4,29,1.68,63.92,86.95,8.05,25.35,17.3,21.45,5.2,0.34,-999,8.66,20.22,11.78,3.61
30.37531,69.34511,2020,4,30,0,61.94,86.95,13.69,29.17,15.48,22.13,3.64,0.67,7.3,8.25,21.6,11.9,7.22
30.37531,69.34511,2020,5,1,0,55.75,86.78,13.74,30.71,16.97,22.94,2.44,0.66,7.17,8.49,22.36,11.27,7.15
30.37531,69.34511,2020,5,2,0.33,57.65,86.59,13.36,29.05,15.69,21.77,2.95,0.63,7.25,8.54,22.15,10.88,6.84
30.37531,69.34511,2020,5,3,3.91,56.75,86.69,14.58,27.92,13.34,21.01,2.75,0.67,7.3,7.97,21.01,10.2,7.26
30.37531,69.34511,2020,5,4,0.24,56.51,86.83,14.94,27.43,12.49,20.3,3.28,0.57,-999,8.23,20.26,9.71,6.18
30.37531,69.34511,2020,5,5,0,53.06,86.82,15.95,29.04,13.09,20.71,3.5,0.67,7.39,7.75,20.5,9.34,7.33
30.37531,69.34511,2020,5,6,0,44.68,86.66,17.28,29.42,12.15,21.12,4.64,0.69,7.55,7.44,21.04,8.08,7.55
30.37531,69.34511,2020,5,7,0,54.12,86.72,16.61,29.29,12.67,21.27,4.35,0.66,-999,8.2,21.16,9.88,7.2
30.37531,69.34511,2020,5,8,0,50.65,86.66,16.11,31.4,15.29,23.22,5.07,0.67,7.41,8.25,22.52,10.42,7.39
30.37531,69.34511,2020,5,9,0,48.02,86.67,13.28,32,18.73,24.49,3.7,0.67,7.4,8.43,23.61,10.66,7.37
30.37531,69.34511,2020,5,10,0,49.23,86.72,16.54,31.52,14.97,23.4,4.35,0.67,7.53,8.16,23.62,10.23,7.38
30.37531,69.34511,2020,5,11,0.02,52.1,86.7,12.21,31.94,19.73,24.86,5.11,0.65,7.46,8.57,24.21,11.83,7.22
30.37531,69.34511,2020,5,12,11.65,74.03,86.78,9.58,25.58,16,21.13,3.61,0.48,-999,8.83,21.02,13.42,5.32
30.37531,69.34511,2020,5,13,4.11,71.75,86.64,9.85,26.76,16.92,21.53,4.73,0.5,-999,9.05,22,13.35,5.52
30.37531,69.34511,2020,5,14,7,67.58,86.65,9.05,26.23,17.17,21.03,5.26,0.67,7.45,8.25,21.43,12.19,7.45
30.37531,69.34511,2020,5,15,1.4,56.37,86.75,15.08,27.56,12.47,20.19,3.24,0.67,7.5,7.83,21.03,9.63,7.46
30.37531,69.34511,2020,5,16,0,43.34,86.64,17.45,28.25,10.79,19.64,2.88,0.71,7.87,6.97,19.71,7.15,7.87
30.37531,69.34511,2020,5,17,0,39.91,86.5,18.63,28.82,10.19,19.53,2.28,0.7,7.85,7.06,19.64,6.55,7.79
30.37531,69.34511,2020,5,18,0,42.22,86.43,18.67,29.37,10.7,20.09,4.14,0.69,7.77,7.41,20.62,7.18,7.75
30.37531,69.34511,2020,5,19,0,41.81,86.46,18.13,29.99,11.87,21.57,4.93,0.69,7.76,7.5,21.82,7.79,7.76
30.37531,69.34511,2020,5,20,0,41.01,86.45,18.29,30.93,12.64,22.17,3.12,0.69,7.79,7.66,22.01,7.92,7.78
30.37531,69.34511,2020,5,21,0,43.43,86.4,18.66,32.85,14.18,23.15,4.67,0.67,7.59,8.26,23.26,8.91,7.57
30.37531,69.34511,2020,5,22,0,45.43,86.36,16.21,32.75,16.54,24.27,5.28,0.67,7.56,8.6,24.65,9.99,7.54
30.37531,69.34511,2020,5,23,0,41.72,86.51,16.07,32.68,16.61,25.07,3.08,0.68,7.62,8.49,25.7,9.6,7.62
30.37531,69.34511,2020,5,24,0,38.63,86.65,15.96,33.99,18.02,26.18,2.79,0.64,7.63,8.6,26.17,9.48,7.16
30.37531,69.34511,2020,5,25,0,34.94,86.57,18.75,35.19,16.44,25.73,3.46,0.69,7.81,8.05,25.79,8.35,7.81
30.37531,69.34511,2020,5,26,0,32.12,86.42,20.48,36.02,15.55,25.98,3.9,0.69,7.81,8.09,26.18,7.8,7.81
30.37531,69.34511,2020,5,27,0,33.47,86.22,19.52,35.74,16.22,26.31,5.67,0.69,7.81,8.31,26.39,8.31,7.77
30.37531,69.34511,2020,5,28,0,40.52,86.08,16.27,34.21,17.94,25.88,4.97,0.56,-999,8.92,26.07,9.83,6.31
30.37531,69.34511,2020,5,29,46.56,54.75,86.32,14.46,31.43,16.96,23.01,6.9,0.42,-999,9.45,24.1,11.17,4.73
30.37531,69.34511,2020,5,30,92.56,64.44,86.46,11.59,28.12,16.53,22.17,3.08,0.64,7.51,8.61,22.37,12.48,7.31
30.37531,69.34511,2020,5,31,4.68,69.87,86.6,7.84,26.04,18.19,21.89,4.25,0.66,7.57,8.61,21.79,13.29,7.55
30.37531,69.34511,2020,6,1,4.87,70.69,86.63,10.18,27.31,17.14,22.03,4.62,0.62,7.14,8.65,22.37,13.56,7.04
30.37531,69.34511,2020,6,2,81.37,75.12,86.52,9.23,26.9,17.66,21.92,4.92,0.53,-999,8.85,22.31,14.34,5.99
30.37531,69.34511,2020,6,3,53.64,76.94,86.42,7.64,25.93,18.28,21.94,3.28,0.6,7.13,8.67,22.32,14.73,6.79
30.37531,69.34511,2020,6,4,0.21,71.74,86.4,8.57,27.11,18.53,22.34,3,0.62,-999,8.74,23.1,14.07,7.03
30.37531,69.34511,2020,6,5,15.14,65.58,86.31,12.61,30.22,17.6,23.81,2.08,0.47,7.21,8.99,24.18,14.07,5.38
30.37531,69.34511,2020,6,6,0.15,64.78,86.26,12.95,29.38,16.43,23.18,4.67,0.64,7.27,8.48,23.33,13.38,7.26
30.37531,69.34511,2020,6,7,26.94,67.06,86.31,10.52,29.55,19.03,24.31,2.08,0.55,7.14,9.12,24.78,14.83,6.33
30.37531,69.34511,2020,6,8,2.69,68.93,86.31,10.75,30.18,19.42,24.5,2.22,0.63,7.17,8.91,24.84,15.42,7.17
30.37531,69.34511,2020,6,9,0,62.47,86.34,12.87,31.83,18.96,25.04,2.55,0.63,7.24,8.77,24.61,14.42,7.23
30.37531,69.34511,2020,6,10,0,55.38,86.33,14.07,32.09,18.01,24.92,0.84,0.64,7.37,8.45,24.5,12.68,7.36
30.37531,69.34511,2020,6,11,0,52.61,86.2,15.15,31.81,16.66,24.67,2.04,0.65,7.44,8.28,24.22,11.88,7.39
30.37531,69.34511,2020,6,12,0.01,47.47,86.13,12.98,31.7,18.72,25.16,1.42,0.59,7.42,8.49,24.2,11.04,6.79
30.37531,69.34511,2020,6,13,0.14,51.19,86.19,11.73,30.79,19.06,24.93,3.24,0.59,-999,8.74,23.95,11.74,6.7
30.37531,69.34511,2020,6,14,0,55.95,86.35,13.16,32.15,19,25.37,4.25,0.63,7.27,8.64,24.87,13.16,7.23
30.37531,69.34511,2020,6,15,0,41.03,86.18,19.12,34.44,15.32,25.74,5.75,0.65,7.41,8.32,24.54,9.87,7.41
30.37531,69.34511,2020,6,16,0,38.14,86.01,18.44,34.44,15.99,26.46,4.9,0.65,7.44,8.38,24.84,9.59,7.41
30.37531,69.34511,2020,6,17,0,40.66,85.88,17.67,35.34,17.66,27.01,2.8,0.65,7.42,8.55,25.88,10.58,7.41
30.37531,69.34511,2020,6,18,0,52.75,85.94,14.18,33.9,19.71,26.75,4.6,0.55,7.31,8.97,25.98,13.53,6.32
30.37531,69.34511,2020,6,19,0,46.82,86.05,14.97,33.89,18.92,26.84,2.99,0.63,7.42,8.64,26.41,12.04,7.24
30.37531,69.34511,2020,6,20,0,59.5,86.25,11.69,32.6,20.91,26.28,3.6,0.54,-999,9.11,26.4,14.81,6.12
30.37531,69.34511,2020,6,21,0,61.18,86.17,11.94,32.97,21.03,26.48,2.53,0.63,7.26,9.02,26.87,15.42,7.25
30.37531,69.34511,2020,6,22,0,54.4,86.13,14.78,34.34,19.55,26.87,3.06,0.63,7.23,9.12,27.5,14.03,7.22
30.37531,69.34511,2020,6,23,0,58.52,86.3,11.8,33.65,21.85,27.32,3.12,0.62,7.12,9.69,27.67,15.47,7.04
30.37531,69.34511,2020,6,24,0,59.81,86.34,11.4,32.75,21.35,26.79,2.29,0.63,7.16,9.45,27.38,15.32,7.15
30.37531,69.34511,2020,6,25,0.26,60.46,86.19,11.99,33.05,21.07,26.75,3.3,0.53,7.07,9.64,27.39,15.48,6.08
30.37531,69.34511,2020,6,26,0.09,58.34,86.08,12.92,34.41,21.49,27.7,1.7,0.55,7.1,9.68,28.52,15.81,6.33
30.37531,69.34511,2020,6,27,0,55.26,86.11,14.08,34.68,20.6,27.48,3.76,0.63,7.19,9.27,28.45,14.77,7.14
30.37531,69.34511,2020,6,28,0,50.87,85.98,14.91,36.18,21.27,28.15,2.65,0.64,7.37,9.02,28.45,14.16,7.35
30.37531,69.34511,2020,6,29,8.35,56.87,86.12,15.51,34.64,19.13,26.71,5.26,0.55,-999,9.63,27.57,14.53,6.28
30.37531,69.34511,2020,6,30,23.47,71.26,86.32,8.68,30.8,22.12,26.16,3.74,0.49,-999,10.02,26.45,17.62,5.62
30.37531,69.34511,2020,7,1,0.39,56.91,86.26,13.01,34.84,21.83,27.67,1.69,0.6,6.8,9.49,28.42,15.37,6.8
30.37531,69.34511,2020,7,2,0,46.34,86.07,16.01,36.69,20.67,28.22,1.81,0.61,7.01,9.06,28.41,12.92,6.99
30.37531,69.34511,2020,7,3,0,45.54,85.97,16.23,37.22,20.99,28.57,0.97,0.61,6.9,9.3,28.68,12.98,6.9
30.37531,69.34511,2020,7,4,0.01,49.63,85.79,13.44,35.28,21.84,28.3,5.85,0.61,6.92,9.21,28.09,13.96,6.9
30.37531,69.34511,2020,7,5,1.48,61.85,85.83,10.21,31.09,20.87,26.06,5.14,0.47,-999,9.33,26.95,15.27,5.28
30.37531,69.34511,2020,7,6,15.55,65.71,86,8.99,30,21.02,25.15,1.51,0.56,-999,9.51,26.5,15.33,6.32
30.37531,69.34511,2020,7,7,0.56,60.46,86.22,10.31,31.43,21.12,26.1,2.86,0.59,6.74,9.53,26.92,14.89,6.67
30.37531,69.34511,2020,7,8,0,59.3,86.35,11.23,32.56,21.33,26.84,2.72,0.58,-999,9.78,27.82,15.24,6.55
30.37531,69.34511,2020,7,9,0,58.82,86.06,13.4,34.82,21.42,27.36,3.81,0.43,-999,9.86,28.45,15.63,4.89
30.37531,69.34511,2020,7,10,0,55.35,85.92,13.34,34.13,20.79,26.9,2.84,0.61,6.87,9.04,27.59,14.33,6.86
30.37531,69.34511,2020,7,11,0.03,55.44,85.8,13.25,33.84,20.6,27.06,2.42,0.59,6.86,9.32,28.15,14.52,6.67
30.37531,69.34511,2020,7,12,0.19,56.97,85.87,12.42,33.42,21,26.84,2.79,0.56,6.75,9.62,28.47,14.71,6.34
30.37531,69.34511,2020,7,13,0.12,60.7,86.05,11.83,32.65,20.82,26.39,3.49,0.59,6.68,9.46,28.34,15.24,6.59
30.37531,69.34511,2020,7,14,0,58.31,86.17,14.07,34.75,20.68,27.48,3.18,0.59,6.66,9.51,29.36,15.58,6.64
30.37531,69.34511,2020,7,15,1.72,54.57,86.17,14.21,35.96,21.74,28.52,2.8,0.54,-999,9.65,30.26,15.5,6.05
30.37531,69.34511,2020,7,16,26.74,60.36,86.1,10.21,33.69,23.48,27.82,3.4,0.53,6.58,9.87,29.4,16.48,5.93
30.37531,69.34511,2020,7,17,2.71,62.77,86.2,9.46,32.17,22.71,26.93,2.16,0.56,-999,9.75,28.22,16.25,6.22
30.37531,69.34511,2020,7,18,0,60.82,86.31,11.14,32.87,21.73,27.29,3.35,0.58,-999,9.79,28.6,16.05,6.48
30.37531,69.34511,2020,7,19,0,58.33,86.11,12.45,35.41,22.96,28.7,5.37,0.59,6.62,9.79,29.71,16.76,6.61
30.37531,69.34511,2020,7,20,0.31,52.86,85.78,13.68,35.61,21.92,28.28,2.38,0.6,6.74,9.61,29.76,14.87,6.69
30.37531,69.34511,2020,7,21,13.14,66.47,85.98,9.18,30.94,21.77,25.85,2.45,0.41,6.51,9.74,27.73,16.19,4.62
30.37531,69.34511,2020,7,22,4.85,68.19,86.28,9.88,30.68,20.8,25.27,3.38,0.58,6.61,9.23,27.52,15.98,6.44
30.37531,69.34511,2020,7,23,0,51.92,86.13,15.56,35.81,20.25,27.17,2.01,0.6,6.68,9.04,28.48,13.62,6.66
30.37531,69.34511,2020,7,24,4.2,59.06,86.4,11.38,33.55,22.17,27.31,4.08,0.57,-999,9.72,28.91,15.59,6.34
30.37531,69.34511,2020,7,25,13.71,71.72,86.63,7.26,30.32,23.06,26.25,3.03,0.55,-999,9.82,26.97,17.77,6.13
30.37531,69.34511,2020,7,26,0.01,65.2,86.6,10.43,32.24,21.81,26.71,2.99,0.58,-999,9.65,28.27,16.59,6.35
30.37531,69.34511,2020,7,27,0,63.33,86.37,13.14,34.3,21.16,27.09,3.91,0.58,6.43,9.67,28.62,16.51,6.39
30.37531,69.34511,2020,7,28,0,51.21,86.15,15.73,36.89,21.16,28.11,3.58,0.6,6.61,9.31,29.06,14.19,6.61
30.37531,69.34511,2020,7,29,0,46.9,86.04,16.76,36.22,19.46,27.78,3.49,0.59,6.54,9.37,28.6,12.76,6.51
30.37531,69.34511,2020,7,30,0.18,52.82,86.21,12.62,35.64,23.02,28.66,4.63,0.5,-999,9.8,29.81,15.11,5.48
30.37531,69.34511,2020,7,31,1.67,60.91,86.2,11.44,34.57,23.13,27.9,3.82,0.57,-999,9.9,29.13,16.69,6.2
30.37531,69.34511,2020,8,1,1.05,56.8,86.16,13.31,34.75,21.44,27.77,4.1,0.61,6.75,9.84,29.33,15.44,6.68
30.37531,69.34511,2020,8,2,0.96,51.76,86.11,14.27,36.19,21.92,28.51,3.14,0.62,6.78,9.46,30.1,14.7,6.75
30.37531,69.34511,2020,8,3,0,46.04,85.75,14.55,35.51,20.96,27.88,1.98,0.64,6.97,8.78,28.99,12.64,6.94
30.37531,69.34511,2020,8,4,0,46.83,85.61,13.7,35.5,21.79,28.21,3.76,0.61,6.9,9.28,30.01,13.13,6.64
30.37531,69.34511,2020,8,5,0,46.34,85.77,13.93,36.42,22.49,29.04,3.13,0.62,6.73,9.63,30.86,13.61,6.66
30.37531,69.34511,2020,8,6,0.01,57.24,86.11,10.26,33.51,23.25,28.07,5.57,0.62,-999,9.58,29.45,15.85,6.63
30.37531,69.34511,2020,8,7,14.51,67.58,86.22,8.82,30.91,22.09,25.99,8.63,0.42,-999,10.43,26.96,16.55,4.48
30.37531,69.34511,2020,8,8,27.37,74.04,86.08,8.68,30.93,22.25,25.97,3.37,0.46,-999,10.19,27.44,18.16,4.91
30.37531,69.34511,2020,8,9,7.76,69.65,85.91,10.19,32.54,22.35,27.08,2.93,0.54,-999,10.26,28.45,18.28,5.78
30.37531,69.34511,2020,8,10,7.1,67.76,86.01,10.8,33.4,22.6,27.54,2.73,0.43,-999,10.37,29.42,18.24,4.6
30.37531,69.34511,2020,8,11,1.96,66.93,86.05,11,33.76,22.76,27.54,3.87,0.57,-999,10,29.05,18,6.01
30.37531,69.34511,2020,8,12,0,61.07,85.93,13.98,36.06,22.08,28.39,4.11,0.61,6.52,9.51,29.58,17.27,6.5
30.37531,69.34511,2020,8,13,0,49.79,85.79,16.09,38.13,22.04,29.46,2.04,0.62,6.59,9.42,30.3,14.99,6.57
30.37531,69.34511,2020,8,14,0,54.22,85.81,14.55,36.66,22.11,28.97,4.23,0.54,-999,9.93,30.37,15.87,5.64
30.37531,69.34511,2020,8,15,0.01,56.25,85.85,14.48,36.78,22.29,28.94,2.9,0.46,-999,10.12,30.69,16.44,4.85
30.37531,69.34511,2020,8,16,0,60.22,85.91,13.47,36.47,22.99,28.95,3.59,0.6,-999,9.71,31.08,17.6,6.3
30.37531,69.34511,2020,8,17,0,66.23,85.94,10.81,34.5,23.69,28.43,3.33,0.6,6.31,10.06,30.02,18.8,6.26
30.37531,69.34511,2020,8,18,0,64.47,85.98,11.76,35.99,24.23,28.83,7.08,0.59,-999,10.16,30.54,18.72,6.06
30.37531,69.34511,2020,8,19,0.26,60.6,85.82,12.56,35.28,22.72,28.04,5.19,0.62,6.43,9.55,28.66,16.82,6.41
30.37531,69.34511,2020,8,20,0.06,60.08,85.98,13.3,34.21,20.92,27.14,2.86,0.6,-999,9.88,28.88,15.78,6.16
30.37531,69.34511,2020,8,21,2.8,76.81,86.34,6.13,28.26,22.14,24.76,2.28,0.51,-999,10.28,26.39,17.47,5.25
30.37531,69.34511,2020,8,22,0.78,66.79,86.41,9.99,31.48,21.49,26.08,3.05,0.53,-999,10.1,28.17,16.41,5.4
30.37531,69.34511,2020,8,23,0,61.17,86.23,11.61,33.4,21.79,27.03,2.34,0.58,-999,10.09,29.19,15.91,5.88
30.37531,69.34511,2020,8,24,0.97,61.61,86.2,9.71,32.77,23.06,27.29,3.67,0.54,-999,10.14,29.34,16.28,5.48
30.37531,69.34511,2020,8,25,6.05,73.33,86.3,5.81,28.77,22.96,25.34,2.66,0.58,-999,9.89,26.11,17.27,5.86
30.37531,69.34511,2020,8,26,30.07,80.33,86.32,6.85,28.28,21.43,24.27,4.77,0.34,-999,10.33,25.08,17.75,3.4
30.37531,69.34511,2020,8,27,23.47,80.29,86.26,7,27.98,20.98,23.95,1.69,0.33,-999,10.13,24.82,17.42,3.29
30.37531,69.34511,2020,8,28,0.5,65.26,86.17,11.55,30.75,19.2,24.41,2.29,0.59,-999,9.26,26.18,14.54,5.87
30.37531,69.34511,2020,8,29,0.04,52.03,86.25,14.74,30.64,15.9,23.6,2.31,0.62,6.24,8.69,24.57,11.01,6.21
30.37531,69.34511,2020,8,30,0.28,57.98,86.26,12.51,30.21,17.7,24.16,2.92,0.58,-999,9.52,25.08,12.7,5.81
30.37531,69.34511,2020,8,31,13.06,73.09,86.28,7.39,27.71,20.32,23.5,6.04,0.29,-999,9.95,23.88,15.41,2.84
30.37531,69.34511,2020,9,1,3.14,68.21,86.41,9.72,28.76,19.03,23,5.84,0.63,-999,9.39,23.69,13.92,6.22
30.37531,69.34511,2020,9,2,0.11,53.81,86.63,14.71,31.14,16.42,23.47,2.87,0.64,6.32,9.3,24.54,11.25,6.3
30.37531,69.34511,2020,9,3,0,62.46,86.73,14.31,30.77,16.46,23.93,2.85,0.64,6.28,9.21,25.46,13.43,6.26
30.37531,69.34511,2020,9,4,0,65.09,86.71,11.5,30.91,19.41,24.59,3.87,0.55,-999,9.48,25.84,14.57,5.38
30.37531,69.34511,2020,9,5,0,53.77,86.56,12.99,30.76,17.77,23.7,2.72,0.64,6.22,9.17,24.49,11.41,6.21
30.37531,69.34511,2020,9,6,0,38.21,86.41,17.84,32.7,14.86,23.22,4.86,0.66,6.43,8.41,23.58,7.87,6.41
30.37531,69.34511,2020,9,7,0,36.67,86.52,18.4,32.34,13.94,22.93,3.39,0.66,6.41,8.16,22.96,7.41,6.38
30.37531,69.34511,2020,9,8,0,36.13,86.57,18,32.61,14.61,23.19,3.66,0.67,6.4,8.14,23.27,7.41,6.38
30.37531,69.34511,2020,9,9,0,39.24,86.58,17.69,32.91,15.22,23.59,3.82,0.65,6.3,8.86,23.82,8.25,6.25
30.37531,69.34511,2020,9,10,0,37.44,86.4,17.45,32.5,15.05,23.19,3.8,0.67,6.38,7.82,23.68,7.7,6.37
30.37531,69.34511,2020,9,11,0,33.02,86.35,18.81,32.19,13.37,22.75,5.05,0.66,6.31,8.17,22.73,6.61,6.25
30.37531,69.34511,2020,9,12,0,45.78,86.66,15.01,31.53,16.52,23.9,2.51,0.65,6.13,8.54,24.4,9.81,6.07
30.37531,69.34511,2020,9,13,0,48.21,86.64,15.2,32.58,17.39,24.34,3.36,0.64,6.07,9.16,25.46,10.61,5.96
30.37531,69.34511,2020,9,14,0,44.31,86.53,15.84,32.83,16.99,24.39,4.08,0.49,-999,9.59,25.13,9.79,4.53
30.37531,69.34511,2020,9,15,0,45.11,86.54,14.11,30.38,16.27,23.09,3.5,0.45,-999,9.68,23.59,9.22,4.13
30.37531,69.34511,2020,9,16,0,41.37,86.51,14.41,31.48,17.06,23.56,2.41,0.45,-999,9.35,24.14,8.69,4.14
30.37531,69.34511,2020,9,17,0,30.59,86.48,17.73,32.83,15.09,23.32,3.25,0.66,6.06,8.14,23.66,6.33,6.03
30.37531,69.34511,2020,9,18,0,27.47,86.36,19.59,32.83,13.24,22.57,5.72,0.67,6.15,7.81,22.78,5.44,6.12
30.37531,69.34511,2020,9,19,0,31.7,86.39,18.4,32.23,13.83,22.83,4.32,0.66,6,7.89,22.85,6.37,5.99
30.37531,69.34511,2020,9,20,0,31.91,86.39,17.94,32.71,14.78,23.39,3.78,0.66,6,8.2,23.75,6.64,5.96
30.37531,69.34511,2020,9,21,0,25.08,86.26,20.72,34.43,13.72,23.61,4.48,0.68,6.14,7.35,23.23,5.29,6.13
30.37531,69.34511,2020,9,22,0,23.12,86.29,21.18,33.8,12.62,23.32,4.29,0.66,5.97,7.83,22.57,4.79,5.93
30.37531,69.34511,2020,9,23,0,24.21,86.3,19.61,31.88,12.27,21.94,5.28,0.66,5.91,7.57,21.58,4.61,5.87
30.37531,69.34511,2020,9,24,0,28.43,86.46,19.79,31.83,12.05,21.51,3.62,0.67,5.91,7.41,21.31,5.27,5.88
30.37531,69.34511,2020,9,25,0,28.15,86.34,19.11,31.19,12.08,21.01,2.28,0.67,5.87,7.72,21.13,5.06,5.84
30.37531,69.34511,2020,9,26,0,24.41,86.27,18.57,31.16,12.58,20.97,5.19,0.66,5.8,7.45,21.02,4.38,5.78
30.37531,69.34511,2020,9,27,0,26.97,86.56,18.57,29.07,10.49,19.53,2.66,0.68,5.89,7.07,19.42,4.42,5.86
30.37531,69.34511,2020,9,28,0,36.3,86.68,16.04,29.71,13.67,21.14,4.38,0.66,5.69,7.47,20.59,6.56,5.67
30.37531,69.34511,2020,9,29,0,34.87,86.64,16.95,30.44,13.5,21.29,2.87,0.65,5.61,8.02,21.48,6.37,5.58
30.37531,69.34511,2020,9,30,0,33.97,86.61,16.95,29.87,12.93,20.49,2.87,0.64,5.49,7.86,20.79,5.9,5.46
30.37531,69.34511,2020,10,1,0,20.19,86.62,18.34,30.04,11.69,20.28,5.48,0.7,5.99,6.99,20.21,3.46,5.95
30.37531,69.34511,2020,10,2,0,23.94,86.65,20.62,31.06,10.44,19.99,4.39,0.7,5.89,7.03,19.88,4.03,5.88
30.37531,69.34511,2020,10,3,0,27.48,86.7,18.91,30.5,11.58,20.44,4.44,0.7,5.84,7.07,21.06,4.75,5.83
30.37531,69.34511,2020,10,4,0,25.9,86.78,19.25,30.65,11.4,20.47,2.6,0.7,5.86,6.96,20.43,4.48,5.82
30.37531,69.34511,2020,10,5,0,25.03,86.74,20.05,31.08,11.03,20.21,4.59,0.7,5.78,6.98,20.54,4.27,5.77
30.37531,69.34511,2020,10,6,0,22.51,86.75,20.19,31.31,11.11,20.12,4.01,0.71,5.78,6.83,20.33,3.81,5.76
30.37531,69.34511,2020,10,7,0,25.08,86.86,19.46,31.14,11.68,20.69,2.5,0.69,5.62,7.21,20.84,4.4,5.61
30.37531,69.34511,2020,10,8,0,25.06,86.9,18.96,31.08,12.12,20.78,3.94,0.69,5.59,7.24,21.29,4.42,5.57
30.37531,69.34511,2020,10,9,0,23.94,86.92,18.94,30.36,11.42,20.22,3.17,0.69,5.53,7.19,20.51,4.07,5.51
30.37531,69.34511,2020,10,10,0,22.21,86.85,19.77,31.02,11.25,20.72,4.46,0.69,5.51,7.15,20.79,3.9,5.5
30.37531,69.34511,2020,10,11,0,25.09,86.71,17.61,30.6,12.99,20.95,4.91,0.68,5.37,7.45,21.55,4.48,5.34
30.37531,69.34511,2020,10,12,0,19.96,86.53,17.73,28.79,11.05,19.39,6.57,0.69,5.44,6.96,20.59,3.24,5.43
30.37531,69.34511,2020,10,13,0,17.49,86.65,19.67,28.23,8.56,18.37,5.01,0.69,5.39,7.05,18.93,2.66,5.35
30.37531,69.34511,2020,10,14,0,29.08,86.81,15.2,28,12.8,19.23,2.65,0.68,5.27,7.07,19.32,4.66,5.25
30.37531,69.34511,2020,10,15,0,17.73,86.85,18.88,27.98,9.1,18.61,3.34,0.7,5.37,6.64,18.62,2.73,5.36
30.37531,69.34511,2020,10,16,0,16.77,86.76,19.17,28.22,9.06,18.65,4.36,0.7,5.33,6.59,18.19,2.59,5.33
30.37531,69.34511,2020,10,17,0,17.98,86.79,19.46,27.83,8.38,17.8,3.53,0.7,5.3,6.48,17.62,2.63,5.3
30.37531,69.34511,2020,10,18,148.3,30.57,86.82,20.14,26.85,6.7,15.88,3.58,0.72,5.37,6.13,15.03,3.96,5.36
30.37531,69.34511,2020,10,19,0,23.99,86.75,19.67,26.62,6.96,16.97,5.36,0.71,5.33,6.09,15.56,3.34,5.29
30.37531,69.34511,2020,10,20,0,25.99,86.66,19.86,26.86,7,16.75,5.74,0.71,5.28,6.16,15.63,3.57,5.25
30.37531,69.34511,2020,10,21,0,28.48,86.79,18.86,26.26,7.4,16.66,3.86,0.7,5.15,6.3,15.38,3.88,5.15
30.37531,69.34511,2020,10,22,0,33.29,86.72,18.95,26.74,7.78,16,6.23,0.7,5.12,6.33,15.82,4.36,5.08
30.37531,69.34511,2020,10,23,0.02,28.35,86.62,19.99,25.53,5.54,15.14,2.99,0.71,5.14,6.09,13.85,3.51,5.1
30.37531,69.34511,2020,10,24,0,32.52,86.65,18.9,24.54,5.64,14.31,5,0.69,4.96,6.37,13.74,3.82,4.93
30.37531,69.34511,2020,10,25,0,29.8,86.87,18.27,24.67,6.39,15.16,5.67,0.69,4.95,6.3,14.05,3.69,4.92
30.37531,69.34511,2020,10,26,0,34.96,87.16,18.19,25.19,7,15.02,3.29,0.69,4.89,6.28,14.02,4.28,4.88
30.37531,69.34511,2020,10,27,0,33.24,87,19.66,25.39,5.73,14.64,2.18,0.7,4.86,6.36,13.96,3.97,4.86
30.37531,69.34511,2020,10,28,0,32.1,86.93,19.22,25.14,5.92,14.6,2.92,0.69,4.79,6.37,13.92,3.83,4.79
30.37531,69.34511,2020,10,29,0,33.9,87.06,18.2,24.47,6.27,14.49,3.96,0.67,4.68,6.66,13.92,4.01,4.59
30.37531,69.34511,2020,10,30,0,37.44,87.2,13.55,23.78,10.24,16.16,1.83,0.65,4.57,6.8,14.16,4.92,4.46
30.37531,69.34511,2020,10,31,0,36.28,87.21,14.06,23.51,9.45,15.7,1.94,0.67,4.6,6.51,14.04,4.63,4.55
30.37531,69.34511,2020,11,1,0,25.46,87.18,19.09,24.59,5.49,14.98,5.77,0.73,4.9,5.88,13.19,3.1,4.9
30.37531,69.34511,2020,11,2,0,23.28,87.21,20.1,25.61,5.51,14.66,6.59,0.72,4.84,5.94,13.26,2.78,4.8
30.37531,69.34511,2020,11,3,0,28.9,87.09,20.64,26.53,5.89,14.44,3.31,0.7,4.68,6.41,13.7,3.4,4.65
30.37531,69.34511,2020,11,4,0,31.78,86.97,18.79,26.15,7.36,15.16,5.34,0.7,4.64,6.43,14.72,3.93,4.63
30.37531,69.34511,2020,11,5,0,32.95,87.05,18.48,25.01,6.52,14.56,5.17,0.7,4.6,6.38,13.78,3.91,4.58
30.37531,69.34511,2020,11,6,0,33.31,87.4,17.97,23.84,5.87,14.54,2.79,0.69,4.52,6.38,12.95,3.94,4.52
30.37531,69.34511,2020,11,7,0,32.14,87.49,19.16,25.05,5.89,14.74,3.84,0.7,4.53,6.29,13.46,3.84,4.5
30.37531,69.34511,2020,11,8,0,31.03,87.46,19.23,25.71,6.48,14.96,3.18,0.7,4.5,6.3,13.57,3.77,4.5
30.37531,69.34511,2020,11,9,0,32.38,87.31,18.36,24.06,5.7,14.19,1.54,0.69,4.45,6.31,12.71,3.74,4.39
30.37531,69.34511,2020,11,10,0,34.37,87.22,17.96,23.68,5.72,13.75,3.25,0.68,4.34,6.45,12.81,3.87,4.33
30.37531,69.34511,2020,11,11,0,39.65,87.41,15.51,22.54,7.02,14.19,1.64,0.67,4.24,6.61,12.63,4.58,4.19
30.37531,69.34511,2020,11,12,0,42.65,87.5,14.81,22.1,7.29,14.17,1.98,0.65,4.14,6.97,12.69,4.92,4.09
30.37531,69.34511,2020,11,13,0.21,48.48,87.33,14.49,22.67,8.18,14.58,3.39,0.64,4.04,7.3,13.22,5.76,3.99
30.37531,69.34511,2020,11,14,1.56,53.79,87,10.86,20.6,9.74,13.81,7.39,0.41,-999,8.16,13.11,6.1,2.55
30.37531,69.34511,2020,11,15,0.07,51.77,86.93,12.47,18.09,5.62,10.9,3.46,0.62,-999,6.85,11.34,4.85,3.83
30.37531,69.34511,2020,11,16,0,43.87,87.22,17.79,18.64,0.85,8.81,5.31,0.67,-999,6.22,9.28,3.56,4.1
30.37531,69.34511,2020,11,17,0,51.68,87.16,13.4,17.67,4.28,9.7,3.49,0.67,4.06,6.15,8.94,4.45,4.05
30.37531,69.34511,2020,11,18,0.01,34.93,86.9,17.85,18.71,0.86,9.26,5.55,0.67,4.07,6.07,8.56,2.93,4.05
30.37531,69.34511,2020,11,19,0.01,42.9,86.94,15.12,17.87,2.76,9.02,4.61,0.67,4.06,5.98,8.91,3.54,4.04
30.37531,69.34511,2020,11,20,0,37.41,87.19,16.62,17.61,1,8.35,5.38,0.67,4.02,5.81,8.33,2.94,4.01
30.37531,69.34511,2020,11,21,0,33.29,87.18,18.79,19.48,0.69,9.05,5.44,0.66,3.99,6.08,8.37,2.74,3.94
30.37531,69.34511,2020,11,22,0,38.96,87.07,16.42,19.47,3.05,10.27,3.89,0.41,-999,7.32,9.61,3.49,2.4
30.37531,69.34511,2020,11,23,0.37,48.5,87.03,10.33,16.49,6.17,10.27,5.13,0.49,-999,7.49,9.07,4.35,2.84
30.37531,69.34511,2020,11,24,1.38,74.24,87.09,6.41,12.91,6.51,8.76,3.17,0.26,-999,7.87,9.09,6.02,1.52
30.37531,69.34511,2020,11,25,2.47,71.74,87.11,10.04,13.89,3.85,8.5,2.78,0.44,-999,7.14,8.98,5.71,2.55
30.37531,69.34511,2020,11,26,0,49.86,87.51,17.55,17.5,-0.05,7.86,4.7,0.67,3.85,5.81,7.87,3.78,3.84
30.37531,69.34511,2020,11,27,0,43.61,87.73,16.12,19.68,3.56,11.03,1.85,0.66,3.8,6.07,9.36,4.08,3.79
30.37531,69.34511,2020,11,28,0,30.51,87.58,19.42,23.29,3.87,12.84,4.51,0.66,3.77,6.34,10.87,3.22,3.76
30.37531,69.34511,2020,11,29,0,41.93,87.37,18.49,25.04,6.55,14.02,2.96,0.63,3.58,7.07,13.15,4.8,3.58
30.37531,69.34511,2020,11,30,0,44.82,87.33,15.05,22.48,7.43,13.72,3.76,0.58,3.59,7.12,12,5.03,3.3
30.37531,69.34511,2020,12,1,0,40.51,87.33,18.49,24.67,6.17,13.9,4.03,0.68,3.86,6.48,12.73,4.6,3.85
30.37531,69.34511,2020,12,2,0,36.75,87.28,18.56,25.09,6.53,14.28,4.8,0.67,3.78,6.71,13.07,4.28,3.75
30.37531,69.34511,2020,12,3,0,37.98,87.1,17.01,25,8,14.61,3.89,0.67,3.75,6.83,13.91,4.52,3.74
30.37531,69.34511,2020,12,4,0,43.91,86.91,16.71,24.02,7.31,14.02,2.54,0.66,3.72,7,13.71,5.05,3.69
30.37531,69.34511,2020,12,5,0,43.62,86.92,14.57,21.07,6.49,12.77,4.98,0.62,3.74,6.82,12.4,4.62,3.44
30.37531,69.34511,2020,12,6,0,45.87,87.2,15.73,21.12,5.39,12.37,3.45,0.64,3.63,7.03,12.29,4.72,3.56
30.37531,69.34511,2020,12,7,0,51.88,87.26,11.87,20.35,8.47,13.14,5.05,0.64,3.58,7.38,11.95,5.61,3.53
30.37531,69.34511,2020,12,8,2.08,62.3,87.19,9.75,17.85,8.1,11.68,2.54,0.56,-999,7.57,10.99,6.13,3.07
30.37531,69.34511,2020,12,9,0.62,66.94,87.18,10.18,14.95,4.76,9.14,3.93,0.61,3.57,6.88,9.22,5.56,3.31
30.37531,69.34511,2020,12,10,0,52.42,87.1,14.47,16.52,2.05,8.45,3.72,0.63,3.65,6.88,8.44,4.15,3.45
30.37531,69.34511,2020,12,11,12.39,78.19,87.01,6.47,7.98,1.51,4.83,3.29,0.17,-999,7.04,4.21,4.84,0.94
30.37531,69.34511,2020,12,12,0,48.25,86.95,15.25,14.55,-0.7,5.22,4.49,0.7,3.79,5.37,4.79,3.07,3.79
30.37531,69.34511,2020,12,13,0,49.22,86.98,15.84,14.06,-1.78,4.7,3.31,0.69,3.73,5.45,4.61,3.01,3.73
30.37531,69.34511,2020,12,14,0.01,44.67,86.96,14.31,11.93,-2.38,3.43,2.95,0.7,3.78,5.18,3.07,2.5,3.78
30.37531,69.34511,2020,12,15,0,35.17,87.16,15.77,11.77,-4,2.43,5.16,0.71,3.84,4.88,1.81,1.83,3.83
30.37531,69.34511,2020,12,16,0,30.95,87.39,16.82,12.83,-3.99,3.41,5.56,0.7,3.82,5.01,2.17,1.72,3.78
30.37531,69.34511,2020,12,17,0,38.11,87.35,18.77,15.89,-2.88,5.31,3.25,0.68,3.67,5.67,4.07,2.42,3.66
30.37531,69.34511,2020,12,18,0,49.03,87.23,17.77,18.25,0.48,7.75,4.34,0.66,3.6,6.16,7.17,3.7,3.55
30.37531,69.34511,2020,12,19,0,44.93,87.34,18.03,18.75,0.72,8.68,2.4,0.67,3.61,6.37,7.58,3.61,3.59
30.37531,69.34511,2020,12,20,0,48.94,87.38,14.99,18.81,3.82,9.91,3.91,0.6,-999,6.98,8.84,4.27,3.24
30.37531,69.34511,2020,12,21,0,48.42,87.22,14.49,16.95,2.46,8.23,4.27,0.67,3.64,6.09,7.49,3.77,3.63
30.37531,69.34511,2020,12,22,0,45.69,87.11,17.04,17.04,0,7.38,3.62,0.68,3.68,5.71,6.66,3.36,3.67
30.37531,69.34511,2020,12,23,0,36.85,86.98,17.26,16.54,-0.72,6.88,5.61,0.69,3.74,5.53,5.87,2.62,3.72
30.37531,69.34511,2020,12,24,0,34.08,87.01,18.35,16.84,-1.51,7,4.62,0.69,3.71,5.59,5.39,2.45,3.71
30.37531,69.34511,2020,12,25,0,37.22,87.09,12.82,16.2,3.38,8.15,4.36,0.66,3.68,6.01,5.17,2.89,3.59
30.37531,69.34511,2020,12,26,0,47.68,86.94,14.85,15.99,1.14,7.65,5.3,0.67,3.64,5.79,6.26,3.58,3.62
30.37531,69.34511,2020,12,27,0,40.82,86.7,14.32,10.44,-3.89,2.14,8.42,0.67,3.79,5.11,1.78,2.09,3.63
30.37531,69.34511,2020,12,28,0,33.67,86.85,17.5,14.42,-3.08,3.93,6.22,0.71,3.85,5,3.1,1.96,3.85
30.37531,69.34511,2020,12,29,0,35.15,87.14,17.64,13.77,-3.87,3.7,5.81,0.7,3.83,5.1,2.61,2,3.82
30.37531,69.34511,2020,12,30,0,31.24,87.24,17.42,15.17,-2.25,5.58,3.23,0.69,3.82,5.29,3.58,2.03,3.74
30.37531,69.34511,2020,12,31,0,29.82,87.22,16.7,15.51,-1.2,6.3,2.24,0.62,3.79,5.69,3.69,2.03,3.41
30.37531,69.34511,2021,1,1,0,27.18,87.07,17.27,16.22,-1.05,6.92,2.84,0.7,3.89,5.35,4.08,1.94,3.86
30.37531,69.34511,2021,1,2,0,28.38,87.04,18.05,16.63,-1.42,6.62,4.55,0.71,3.93,5.26,4.17,1.98,3.92
30.37531,69.34511,2021,1,3,0,37.97,86.89,17.26,16,-1.25,6.67,4.58,0.68,3.84,5.73,5.11,2.67,3.75
30.37531,69.34511,2021,1,4,0,49.26,86.97,12.76,14.72,1.96,7.32,1.83,0.63,3.8,6.16,5.57,3.62,3.48
30.37531,69.34511,2021,1,5,0,54.26,86.96,14.81,14.12,-0.69,5.79,1.98,0.68,3.8,5.75,5.4,3.59,3.78
30.37531,69.34511,2021,1,6,0,37.57,87.01,16.66,15.68,-0.98,6.24,5.46,0.71,3.96,5.39,5.61,2.56,3.96
30.37531,69.34511,2021,1,7,0,34.76,86.9,15.86,13.68,-2.18,4.45,4.42,0.7,3.95,5.32,4.03,2.09,3.94
30.37531,69.34511,2021,1,8,0,38.4,86.82,15.78,12.91,-2.88,3.51,5.04,0.7,4,5.24,3.47,2.17,3.94
30.37531,69.34511,2021,1,9,0,26.25,87.12,18.41,15.89,-2.52,5.58,5.93,0.72,4.09,5.12,4.48,1.71,4.08
30.37531,69.34511,2021,1,10,0,19.25,87.09,19.26,17.37,-1.89,6.27,6.08,0.73,4.18,4.93,4.83,1.31,4.14
30.37531,69.34511,2021,1,11,0,17.01,87.14,20.1,19.02,-1.09,7.82,6.38,0.74,4.22,5.01,5.68,1.29,4.19
30.37531,69.34511,2021,1,12,0,19.72,87.18,22.16,22.44,0.27,9.21,6.25,0.71,4.16,5.49,7.81,1.64,4.09
30.37531,69.34511,2021,1,13,0,16.98,87.07,20.44,22.47,2.03,10.4,6.15,0.72,4.21,5.48,8.97,1.53,4.11
30.37531,69.34511,2021,1,14,0,19.18,86.99,19.57,21.7,2.13,10.29,3.77,0.48,-999,6.53,9.16,1.72,2.77
30.37531,69.34511,2021,1,15,0,16.86,86.9,21.07,21.92,0.85,10.46,5.55,0.71,4.22,5.67,8.14,1.53,4.13
30.37531,69.34511,2021,1,16,0,20.73,86.88,19.93,21.99,2.06,10.54,3.54,0.71,4.18,5.88,9.64,1.89,4.16
30.37531,69.34511,2021,1,17,0,20.99,86.79,19.06,20.97,1.91,9.75,4.39,0.71,4.26,5.71,8.69,1.82,4.16
30.37531,69.34511,2021,1,18,0,26.7,87.05,16.52,18.17,1.64,8.35,2.92,0.71,4.2,5.76,7.12,2.1,4.19
30.37531,69.34511,2021,1,19,0,31.38,87,18.61,20.72,2.11,10.16,1.7,0.7,4.19,6.05,9.15,2.79,4.17
30.37531,69.34511,2021,1,20,0,23.67,87.08,17.49,20.97,3.49,11.22,6.02,0.69,-999,6.4,10.28,2.26,4.11
30.37531,69.34511,2021,1,21,0,22.06,86.91,18.36,21.48,3.11,11.02,3.49,0.72,4.36,6.13,9.64,2.08,4.32
30.37531,69.34511,2021,1,22,0,28.5,86.66,17.88,21.86,3.98,12.13,5.31,0.68,4.24,6.49,10.95,2.9,4.14
30.37531,69.34511,2021,1,23,0,16.84,86.79,15.79,16,0.21,6.48,6.72,0.74,4.61,4.99,6.44,1.17,4.52
30.37531,69.34511,2021,1,24,0,16.15,87.04,19.17,17.85,-1.32,7.28,6.57,0.72,4.57,5.19,6.84,1.18,4.44
30.37531,69.34511,2021,1,25,0,16.96,87.11,19.28,17.85,-1.43,6.88,4.41,0.73,4.57,5.27,6.66,1.21,4.53
30.37531,69.34511,2021,1,26,0,15.23,87.06,19.74,18.18,-1.55,7.22,5.14,0.74,4.64,5.15,6.41,1.11,4.58
30.37531,69.34511,2021,1,27,0,16.3,87.08,19.2,17.44,-1.76,6.96,4.63,0.74,4.64,5.25,6.22,1.17,4.62
30.37531,69.34511,2021,1,28,0,17.21,87.12,19.68,18.18,-1.5,7.42,4.65,0.73,4.66,5.32,6.84,1.27,4.62
30.37531,69.34511,2021,1,29,0,17.18,87.19,20.68,19.89,-0.79,8.55,5.34,0.72,4.67,5.47,7.88,1.37,4.59
30.37531,69.34511,2021,1,30,0,18.97,87.09,21.32,21.48,0.16,9.59,2.07,0.7,-999,6.36,9.34,1.62,4.48
30.37531,69.34511,2021,1,31,0,24.1,87.02,17.48,21.63,4.15,11.81,6.02,0.67,4.54,6.59,10.78,2.39,4.34
30.37531,69.34511,2021,2,1,0,31.57,87.29,17.15,20.44,3.3,10.84,4.61,0.69,4.49,6.1,10.5,2.93,4.48
30.37531,69.34511,2021,2,2,0,28.34,87.13,14.82,19.24,4.42,11,4.81,0.68,4.49,6.4,10.2,2.66,4.41
30.37531,69.34511,2021,2,3,0,29.28,87,15.08,17.21,2.13,9.08,3.68,0.68,4.59,6.28,10.06,2.42,4.44
30.37531,69.34511,2021,2,4,0,43.35,87.21,14.85,16.98,2.13,8.86,2.15,0.69,4.6,6.03,9.81,3.53,4.53
30.37531,69.34511,2021,2,5,0,25.79,87.19,18.48,19.31,0.84,9.13,5.36,0.72,4.77,5.66,9.97,2.14,4.77
30.37531,69.34511,2021,2,6,0,17.73,87.24,21.68,22,0.32,10.49,3.86,0.71,4.79,5.87,10.38,1.61,4.79
30.37531,69.34511,2021,2,7,0,22.84,87.22,20.95,24.93,3.98,13.34,2.77,0.69,4.71,6.49,13.12,2.5,4.67
30.37531,69.34511,2021,2,8,0,15.58,87.23,20.45,24.69,4.23,13.22,3.07,0.72,4.9,6.2,12.76,1.69,4.88
30.37531,69.34511,2021,2,9,0,23.77,87.03,17.2,23.15,5.96,13.06,4.54,0.7,4.9,6.39,13.07,2.56,4.8
30.37531,69.34511,2021,2,10,0,22.43,87.05,19.77,24.58,4.81,13.3,5.89,0.73,5.01,5.99,14.1,2.45,5.01
30.37531,69.34511,2021,2,11,0,20.17,86.96,20.24,25.1,4.86,13.6,5.53,0.7,5.01,6.33,14.19,2.25,4.89
30.37531,69.34511,2021,2,12,0,18.16,87.03,16.9,24.04,7.14,14.78,3.19,0.7,4.99,6.68,14.34,2.19,4.9
30.37531,69.34511,2021,2,13,0,19.51,87.01,14.63,23.79,9.16,14.92,2.59,0.7,5,6.7,14.78,2.37,4.95
30.37531,69.34511,2021,2,14,0,20.18,86.99,18.7,23.79,5.09,13.71,2.76,0.7,5.11,6.43,14.24,2.27,4.95
30.37531,69.34511,2021,2,15,0,18.01,86.88,18.29,22.76,4.47,13.09,3.47,0.71,5.17,6.14,13.66,1.95,5.1
30.37531,69.34511,2021,2,16,0,18.32,86.9,18.65,23.89,5.24,13.69,4.75,0.72,5.21,6.17,14.63,2.06,5.18
30.37531,69.34511,2021,2,17,0,14.51,86.99,19.72,24.25,4.53,13.9,3.55,0.73,5.33,5.99,14.13,1.65,5.33
30.37531,69.34511,2021,2,18,0,16.33,87.22,19.03,23.31,4.28,13.17,3.11,0.72,5.35,5.98,13.04,1.77,5.31
30.37531,69.34511,2021,2,19,0,20.73,87.42,13.98,22.99,9.01,14.66,4.9,0.7,5.23,6.7,12.89,2.47,5.15
30.37531,69.34511,2021,2,20,0,21.25,87.38,16.49,24.8,8.31,15.56,3.55,0.7,5.24,7.23,15.31,2.68,5.2
30.37531,69.34511,2021,2,21,0,22.47,87.33,13.71,24.41,10.71,16.14,3.33,0.68,5.24,7.39,15.59,2.94,5.13
30.37531,69.34511,2021,2,22,0.01,28.5,87.15,16.35,25.83,9.48,16.45,5.65,0.66,5.32,7.51,16.4,3.82,4.97
30.37531,69.34511,2021,2,23,0,31.83,86.96,17.27,25.21,7.94,15.82,2.68,0.69,5.45,7,16.76,4.1,5.28
30.37531,69.34511,2021,2,24,0.01,27.04,86.8,16.71,24.83,8.12,15.85,4.41,0.69,5.42,7.07,17.08,3.5,5.34
30.37531,69.34511,2021,2,25,0,28.84,86.78,14.99,26.02,11.04,17.35,5.37,0.7,5.47,7.18,17.38,4.11,5.44
30.37531,69.34511,2021,2,26,0,31.4,86.55,15.94,24.36,8.42,15.73,7.87,0.7,5.5,6.97,16.62,4.04,5.45
30.37531,69.34511,2021,2,27,0,25.51,86.5,16.54,20.86,4.32,11.52,4.55,0.74,5.79,5.93,12.74,2.5,5.79
30.37531,69.34511,2021,2,28,0,19.89,86.69,18.24,21.86,3.62,12.15,4.74,0.73,5.82,5.85,13.19,2.03,5.82
30.37531,69.34511,2021,3,1,0,15.19,87.07,21.7,24.6,2.91,13.12,5.69,0.71,5.7,5.97,14.24,1.64,5.7
30.37531,69.34511,2021,3,2,0,13.18,87.18,18.88,25.36,6.48,15.43,5.33,0.69,5.62,6.47,15.07,1.65,5.58
30.37531,69.34511,2021,3,3,0,24.86,86.96,17.75,25.2,7.44,15.92,2.62,0.67,5.56,6.79,16.66,3.23,5.4
30.37531,69.34511,2021,3,4,0,21.95,87.03,18.62,25.78,7.16,15.83,4.5,0.7,5.79,6.28,16.5,2.83,5.73
30.37531,69.34511,2021,3,5,0,14.12,87.11,19.65,26.63,6.98,16.59,4.16,0.71,5.83,6.51,17.31,1.91,5.8
30.37531,69.34511,2021,3,6,0,19.48,86.74,16.14,29.16,13.02,20.2,7.75,0.59,5.63,7.62,19.75,3.32,4.89
30.37531,69.34511,2021,3,7,0,19.13,86.64,18.23,26.55,8.32,17,3.43,0.68,5.82,7.02,18.41,2.67,5.68
30.37531,69.34511,2021,3,8,0,18.79,86.9,18.8,25.74,6.94,15.83,4.48,0.71,5.96,6.35,17.27,2.43,5.96
30.37531,69.34511,2021,3,9,0,31.18,87.05,15.6,25.27,9.67,16.82,5.84,0.69,5.89,6.7,17.11,4.28,5.86
30.37531,69.34511,2021,3,10,0,28.95,86.98,14.04,25.55,11.51,17.44,4.68,0.67,5.83,7.07,17.97,4.14,5.67
30.37531,69.34511,2021,3,11,2.01,29.51,86.89,13.86,25.44,11.58,17.71,6.27,0.5,-999,7.92,17.79,4.3,4.29
30.37531,69.34511,2021,3,12,0.97,38.98,87.14,13.32,24.97,11.64,17.29,3.77,0.66,5.86,7.56,18.4,5.51,5.67
30.37531,69.34511,2021,3,13,0.41,52.56,87.35,13.2,22.71,9.52,15.5,4.06,0.5,-999,7.97,16.26,6.62,4.33
30.37531,69.34511,2021,3,14,0.02,44.07,87.03,13.81,24.3,10.49,16.51,4.14,0.59,-999,8.09,17.4,5.94,5.17
30.37531,69.34511,2021,3,15,0,35.3,86.99,15.13,24.92,9.79,17,3.84,0.56,-999,8.12,18.17,4.91,4.96
30.37531,69.34511,2021,3,16,0,26.3,86.99,16.72,26,9.28,17.22,3.36,0.53,-999,7.77,18.39,3.71,4.72
30.37531,69.34511,2021,3,17,0,20.28,86.92,17.35,26.26,8.91,17.9,4.77,0.69,6.2,7.07,18.6,2.98,6.14
30.37531,69.34511,2021,3,18,0,23.88,86.93,17.64,27.47,9.83,18.74,3.62,0.61,-999,7.69,19.65,3.71,5.45
30.37531,69.34511,2021,3,19,0.78,32.77,86.97,13.83,26.87,13.04,19.03,5.57,0.62,-999,7.71,19.81,5.18,5.62
30.37531,69.34511,2021,3,20,1.45,35.53,86.79,14.3,27.39,13.09,19.61,3.35,0.54,6.17,8.35,20.7,5.84,4.94
30.37531,69.34511,2021,3,21,1.54,40.75,86.51,11.26,25.29,14.03,18.81,3.6,0.64,-999,8.23,19.74,6.39,5.81
30.37531,69.34511,2021,3,22,25.26,63.55,86.65,10,21.85,11.85,16.25,7.17,0.37,-999,8.37,17.61,8.48,3.41
30.37531,69.34511,2021,3,23,0.63,44.18,86.8,16.2,23.14,6.94,14.63,4.58,0.67,6.46,7.06,15.74,5.29,6.16
30.37531,69.34511,2021,3,24,0,39.35,87.19,17.9,23.75,5.85,14.6,4.47,0.55,-999,7.29,15.54,4.68,5.06
30.37531,69.34511,2021,3,25,0,39.87,87.15,18.61,26.86,8.25,17.17,2.49,0.68,6.46,7.28,17.51,5.6,6.35
30.37531,69.34511,2021,3,26,0,35.24,87.03,19.97,30.39,10.42,19.64,3.33,0.69,6.48,7.44,20.05,5.78,6.47
30.37531,69.34511,2021,3,27,0,33.07,86.89,19.59,31.82,12.24,21.17,5.57,0.69,6.56,7.63,21.73,5.98,6.5
30.37531,69.34511,2021,3,28,0,29.7,86.55,17.14,31.64,14.51,21.9,6.61,0.7,6.63,7.71,21.7,5.63,6.61
30.37531,69.34511,2021,3,29,0,24.78,86.48,19.59,31.52,11.93,20.51,5.63,0.71,6.79,7.22,20.67,4.31,6.72
30.37531,69.34511,2021,3,30,0,17.45,86.46,19.02,28.24,9.22,17.22,7.19,0.74,7.14,6.09,17.4,2.47,7.06
30.37531,69.34511,2021,3,31,0,17.15,86.52,21.84,29.62,7.78,17.54,3.57,0.73,7.12,6.21,18.2,2.48,7.02
30.37531,69.34511,2021,4,1,0,20.11,86.54,20.93,29.96,9.03,18.7,4.87,0.69,6.73,6.69,19.54,3.12,6.7
30.37531,69.34511,2021,4,2,0,25.13,86.55,20.21,29.58,9.36,18.89,4.31,0.69,6.72,6.87,19.88,3.95,6.67
30.37531,69.34511,2021,4,3,0,25.53,86.66,19.76,30.49,10.73,20.2,4.86,0.68,6.65,7.38,21.92,4.35,6.58
30.37531,69.34511,2021,4,4,0.02,22.6,86.75,14.7,30.56,15.86,22.39,8.28,0.55,-999,8.4,21.91,4.4,5.39
30.37531,69.34511,2021,4,5,0.4,42.22,86.72,13.82,28.21,14.39,20.74,5.68,0.51,-999,8.61,21.92,7.45,5.05
30.37531,69.34511,2021,4,6,2.51,38.79,86.71,14.48,24.42,9.94,17.43,5.5,0.16,-999,8.12,18.52,5.56,1.62
30.37531,69.34511,2021,4,7,0,18.34,86.89,19.09,26.88,7.79,16.85,5.74,0.71,7.09,6.58,18.23,2.53,7.03
30.37531,69.34511,2021,4,8,0,22.59,86.82,19.5,27.84,8.34,18.04,5.36,0.69,6.89,6.91,19.67,3.36,6.85
30.37531,69.34511,2021,4,9,0,20.21,86.8,18.88,28.3,9.42,19.03,4.68,0.69,6.96,7.08,20.57,3.2,6.91
30.37531,69.34511,2021,4,10,0,17.94,86.99,15.84,29.29,13.45,21.14,4,0.69,6.94,7.23,21.41,3.22,6.88
30.37531,69.34511,2021,4,11,0,18.17,87.01,18.46,31.58,13.11,22.23,5.89,0.65,6.9,7.84,22.78,3.49,6.55
30.37531,69.34511,2021,4,12,0,20.99,87.08,18.27,31.62,13.36,22.72,6.86,0.57,6.91,8.34,23.56,4.15,5.78
30.37531,69.34511,2021,4,13,0,22.05,87.04,14.5,30.89,16.39,22.65,5.2,0.66,6.93,8.01,23.13,4.35,6.73
30.37531,69.34511,2021,4,14,0.03,21.99,86.84,14.69,31.29,16.6,23.37,4.48,0.46,6.91,8.62,25.24,4.54,4.73
30.37531,69.34511,2021,4,15,5.45,36.88,86.79,12.82,27.95,15.13,21.14,6.49,0.51,-999,8.72,22.43,6.66,5.2
30.37531,69.34511,2021,4,16,1.42,51.79,86.73,12.04,23.95,11.91,17.59,3.32,0.43,-999,8.62,20.06,7.51,4.41
30.37531,69.34511,2021,4,17,0,29.99,86.77,17.23,28.18,10.95,19.48,4.03,0.69,7.08,7.64,20.74,4.89,7.07
30.37531,69.34511,2021,4,18,0,20.63,86.92,18.24,30.8,12.57,21.14,3.81,0.66,7.25,7.62,22.01,3.71,6.78
30.37531,69.34511,2021,4,19,0,23.57,86.76,19.79,29.84,10.05,20.34,5.87,0.63,7.17,7.93,22.22,4.05,6.54
30.37531,69.34511,2021,4,20,6.76,54.73,86.61,8.45,20.19,11.74,15.44,4.9,0.51,-999,8.55,16.64,6.93,5.25
30.37531,69.34511,2021,4,21,0.01,35.85,86.7,18.22,28.1,9.87,18.9,2.53,0.7,7.3,7.57,20.78,5.64,7.28
30.37531,69.34511,2021,4,22,0.02,29.7,86.67,18.38,30.25,11.87,21.18,4.53,0.69,7.26,7.46,22.98,5.38,7.24
30.37531,69.34511,2021,4,23,0.03,24.73,86.8,17.52,29.32,11.8,20.3,6.44,0.71,7.44,7.49,22.67,4.23,7.4
30.37531,69.34511,2021,4,24,0,24.35,86.99,17.42,30.5,13.08,21.37,3.86,0.7,7.4,7.5,22.75,4.44,7.36
30.37531,69.34511,2021,4,25,0,22.89,86.99,18.69,33,14.31,23.26,5.05,0.7,7.4,7.8,24.1,4.69,7.36
30.37531,69.34511,2021,4,26,0,19.25,86.81,18.94,34.11,15.18,24.62,2.03,0.7,7.46,7.68,26.17,4.28,7.4
30.37531,69.34511,2021,4,27,0,17.98,86.81,19.38,35.11,15.73,25.81,4.35,0.65,7.34,8.36,27.95,4.29,6.92
30.37531,69.34511,2021,4,28,0,26.27,86.91,14.96,33.53,18.57,25.71,5.18,0.61,-999,8.83,27.5,6.24,6.53
30.37531,69.34511,2021,4,29,0,28.62,86.89,14.55,33.51,18.95,25.26,7.38,0.61,-999,8.87,27.72,6.62,6.53
30.37531,69.34511,2021,4,30,0,27.01,86.76,16.92,32.83,15.91,24.47,4.74,0.58,-999,8.82,26.47,5.97,6.17
30.37531,69.34511,2021,5,1,0.37,29.56,86.72,13.3,32.34,19.04,25.12,5.89,0.51,-999,8.78,26.87,6.8,5.52
30.37531,69.34511,2021,5,2,2.84,36.68,86.7,14.85,32.18,17.33,24.52,6.02,0.34,-999,9.28,26.36,8.14,3.68
30.37531,69.34511,2021,5,3,2.87,45.64,86.62,10.79,28.93,18.14,23.41,3.11,0.52,-999,8.96,24.75,9.5,5.65
30.37531,69.34511,2021,5,4,1.99,46.56,86.52,9.68,27.56,17.88,22.71,2.74,0.48,-999,8.88,24.32,9.3,5.21
30.37531,69.34511,2021,5,5,1.48,39.1,86.68,16.31,31.14,14.83,23.04,4.63,0.56,7.18,8.84,24.6,7.95,6.12
30.37531,69.34511,2021,5,6,1.06,42.68,86.78,11.44,28.36,16.92,22.2,3.72,0.41,-999,8.82,24,8.23,4.45
30.37531,69.34511,2021,5,7,0,36.08,86.87,16.42,31.13,14.7,23.22,3.02,0.65,7.31,8.53,26.02,7.39,7.05
30.37531,69.34511,2021,5,8,0,23.86,86.76,18.05,33.33,15.27,24.67,3.03,-999,-999,8.25,26.86,5.33,-999
30.37531,69.34511,2021,5,9,0,18.47,86.56,17.19,34.85,17.66,26.24,2.59,0.67,7.4,8.57,27.98,4.54,7.39
30.37531,69.34511,2021,5,10,0,18.83,86.42,17.47,35.41,17.94,27,2.7,0.62,7.4,8.74,29.42,4.85,6.8
30.37531,69.34511,2021,5,11,0.02,21.94,86.4,15.5,34.05,18.55,26.18,3.31,0.59,7.35,8.96,28.36,5.39,6.48
30.37531,69.34511,2021,5,12,0,20.74,86.18,16.18,33.08,16.9,25.69,4.04,0.67,7.45,8.61,29.51,4.96,7.4
30.37531,69.34511,2021,5,13,0,18.64,86.17,16.83,34.51,17.68,26.43,3.48,0.62,-999,8.63,29.38,4.65,6.86
30.37531,69.34511,2021,5,14,2.1,29.22,86.33,13.75,32.66,18.91,25.49,4.34,0.5,7.38,8.96,28.22,6.9,5.55
30.37531,69.34511,2021,5,15,7.24,37.87,86.43,12.83,32.16,19.33,24.98,4.96,0.5,-999,8.91,27.12,8.67,5.5
30.37531,69.34511,2021,5,16,3.24,47.19,86.69,12.28,30.26,17.98,24.06,3.49,0.65,7.4,8.79,25.43,10.21,7.22
30.37531,69.34511,2021,5,17,3.93,44.74,86.76,11.83,31.18,19.34,24.24,3.61,0.64,7.4,8.56,24.96,9.77,7.11
30.37531,69.34511,2021,5,18,0,34.92,86.54,15.81,32.47,16.66,24.94,2.07,0.6,7.62,8.67,26.63,7.96,6.69
30.37531,69.34511,2021,5,19,0,28.61,86.37,17.57,32.99,15.42,24.79,2.78,0.68,7.65,8.29,26.54,6.48,7.58
30.37531,69.34511,2021,5,20,0,22.54,86.23,19.51,35.24,15.73,25.92,3.16,0.68,7.72,8.08,27.15,5.46,7.65
30.37531,69.34511,2021,5,21,0.08,20.91,86.37,16.8,33.96,17.17,25.77,5.43,0.68,7.73,8.17,28.63,5.01,7.68
30.37531,69.34511,2021,5,22,2.26,34.08,86.44,14.23,32.17,17.94,24.87,5.7,0.34,-999,9.1,26.67,7.75,3.78
30.37531,69.34511,2021,5,23,1.52,47.25,86.53,11.55,28.29,16.74,22.56,4.04,0.65,7.49,8.48,24.93,9.35,7.34
30.37531,69.34511,2021,5,24,0.01,37.05,86.6,16.77,33.85,17.09,25.25,3.87,0.67,7.6,8.13,27.34,8.6,7.57
30.37531,69.34511,2021,5,25,0,23.92,86.41,18.7,35.71,17.01,27.15,2.9,0.58,-999,8.99,29.46,6.22,6.53
30.37531,69.34511,2021,5,26,0.01,18.06,86.23,18.98,36.78,17.8,27.97,3.67,0.68,7.72,8.27,30.82,4.93,7.69
30.37531,69.34511,2021,5,27,0.01,14.44,86.19,18.26,38.85,20.59,29.97,2.82,0.68,7.73,8.67,32.39,4.43,7.7
30.37531,69.34511,2021,5,28,6.97,21.37,86.3,19.08,39.51,20.44,30.02,3.86,0.55,-999,9.76,32.12,6.57,6.22
30.37531,69.34511,2021,5,29,0.44,23.24,86.41,17.25,37.3,20.05,28.73,4.56,0.68,7.7,8.94,29.93,6.63,7.65
30.37531,69.34511,2021,5,30,0,22.41,86.36,18.61,37.44,18.83,28.9,3.55,0.66,7.69,9.34,30.63,6.46,7.5
30.37531,69.34511,2021,5,31,0,16.9,86.13,15.81,38.21,22.4,30.75,2.46,0.62,7.68,8.9,33.2,5.43,7.01
30.37531,69.34511,2021,6,1,0,18.95,86.18,16.77,37.94,21.18,29.5,6.35,0.63,7.35,9.04,33.06,5.66,7.14
30.37531,69.34511,2021,6,2,0.01,22.41,86.4,15.26,37.43,22.18,29.66,2.45,0.62,7.31,9.27,33.46,6.74,7.06
30.37531,69.34511,2021,6,3,0.16,31.09,86.55,13.34,36.86,23.52,30.03,2.67,0.64,7.26,9.34,33.76,9.55,7.23
30.37531,69.34511,2021,6,4,0.01,28.98,86.59,14.12,37.69,23.58,30.17,3.21,0.63,7.24,9.21,34.34,8.97,7.16
30.37531,69.34511,2021,6,5,0.34,37.7,86.48,12.98,36.54,23.56,29.74,3.48,0.62,-999,9.43,33.39,11.42,7.06
30.37531,69.34511,2021,6,6,0.08,33.24,86.46,14.45,37.95,23.5,30.6,2.72,0.62,7.11,9.32,34.94,10.57,7.09
30.37531,69.34511,2021,6,7,0,26.03,86.31,16.55,39.98,23.43,31.86,2.41,0.63,7.21,9.29,35.38,8.9,7.19
30.37531,69.34511,2021,6,8,0,21.06,86.12,18.68,42.63,23.96,33.5,4.34,0.64,7.29,9.78,36.99,7.91,7.27
30.37531,69.34511,2021,6,9,0,22.1,85.96,17.94,42.71,24.76,34.23,4.17,0.62,7.22,9.7,38.23,8.66,7.11
30.37531,69.34511,2021,6,10,0.03,25.83,85.85,17.02,41.87,24.85,33.88,5.38,0.61,7.14,10.18,37.07,9.95,6.98
30.37531,69.34511,2021,6,11,0,20.67,85.81,17.91,42.54,24.63,33.55,3.13,0.64,7.37,9.42,37.08,7.81,7.34
30.37531,69.34511,2021,6,12,1.27,31.42,85.93,14.81,40.12,25.31,32.89,4.1,0.39,-999,10.07,36.02,11.45,4.44
30.37531,69.34511,2021,6,13,0.18,32.64,85.93,14.23,39.75,25.52,32.59,5.56,0.59,-999,9.72,37.14,11.7,6.78
30.37531,69.34511,2021,6,14,0.81,42.44,85.87,9.81,35.39,25.58,30.58,5.13,0.56,-999,9.92,34.07,13.6,6.39
30.37531,69.34511,2021,6,15,0.1,29.4,85.61,14.13,37.51,23.38,29.78,5.24,0.63,7.35,9.11,33.54,9,7.19
30.37531,69.34511,2021,6,16,0.78,30.56,85.8,14.85,35.86,21.01,28.4,4.76,0.61,7.31,9.11,32.31,8.62,6.96
30.37531,69.34511,2021,6,17,3.4,47.82,86.06,8.54,30.35,21.81,25.98,5.16,0.51,-999,9.62,28.84,11.69,5.83
30.37531,69.34511,2021,6,18,0.04,38.21,86.19,13.73,33.31,19.58,26.87,3.58,0.62,-999,9.22,30.78,9.82,7.07
30.37531,69.34511,2021,6,19,0.02,34.32,86.13,14.47,35.67,21.2,28.41,2.19,0.54,7.18,9.49,32.41,9.65,6.2
30.37531,69.34511,2021,6,20,0.01,29.64,86.11,14.55,36.27,21.72,29.01,3.45,0.63,7.26,9.37,32.19,8.63,7.17
30.37531,69.34511,2021,6,21,2.86,41.38,86.33,10.35,33.04,22.69,27.61,2.33,0.51,7.07,9.48,31.07,11.1,5.85
30.37531,69.34511,2021,6,22,0.02,31.26,86.29,14.94,36.94,22,29.05,3.1,0.63,7.24,9.39,32.17,9.11,7.17
30.37531,69.34511,2021,6,23,0,18.64,86.25,18.31,38.26,19.95,29.5,5.21,0.64,7.35,8.96,32.67,5.56,7.31
30.37531,69.34511,2021,6,24,0.01,20.07,86.18,16.52,37.74,21.22,29.58,3.19,0.61,7.29,9.49,32.74,6.02,6.99
30.37531,69.34511,2021,6,25,0,18.59,86.09,16.21,37.52,21.3,29.56,2.77,0.61,7.35,8.88,32.98,5.58,6.98
30.37531,69.34511,2021,6,26,0.23,22.8,86.22,16.09,36.74,20.65,29.2,3.17,0.41,7.22,9.54,32.55,6.69,4.69
30.37531,69.34511,2021,6,27,0.14,32.82,86.56,13.61,36.56,22.94,29.47,3.58,0.62,7.15,9.26,33.31,9.77,7.09
30.37531,69.34511,2021,6,28,0,27.27,86.51,14.08,37.38,23.3,30.07,3.16,0.63,7.18,9.73,33.67,8.4,7.17
30.37531,69.34511,2021,6,29,0,14.92,86.29,17.04,38.98,21.94,30.5,3.57,0.65,7.47,8.66,33.22,4.71,7.43
30.37531,69.34511,2021,6,30,0,10.11,86.03,17.34,39.17,21.83,30.63,2.21,0.66,7.58,8.58,33.26,3.22,7.54
30.37531,69.34511,2021,7,1,0,12.83,85.74,18.71,39.92,21.2,31,4.18,0.61,7.11,9.4,33.73,4.19,6.98
30.37531,69.34511,2021,7,2,0,19.85,85.85,16.4,39.21,22.82,31.44,4.72,0.53,6.92,9.5,33.87,6.65,5.98
30.37531,69.34511,2021,7,3,0.2,28.3,86.05,15.25,38.63,23.39,31.22,4.67,0.56,6.86,9.82,35,9.36,6.4
30.37531,69.34511,2021,7,4,77.26,50.29,86.28,14.44,36.34,21.9,28.67,4.35,0.57,-999,9.75,31.66,14.38,6.47
30.37531,69.34511,2021,7,5,3.65,46.46,86.4,13.8,33.09,19.3,26.45,2.96,0.59,-999,9.32,28.58,11.63,6.71
30.37531,69.34511,2021,7,6,0,41.23,86.27,14.43,35.82,21.39,28.53,3.59,0.59,6.74,9.52,30.89,11.67,6.72
30.37531,69.34511,2021,7,7,0,42.03,86.15,15.39,37.26,21.87,29.53,2.73,0.59,6.76,9.8,31.59,12.64,6.7
30.37531,69.34511,2021,7,8,0.03,41.55,86.07,14.55,38.39,23.84,30.68,3.19,0.56,6.77,9.83,32.7,13.36,6.39
30.37531,69.34511,2021,7,9,0.02,46.18,86.08,13.34,36.6,23.26,30.13,3.87,0.59,6.72,9.57,32.22,14.4,6.7
30.37531,69.34511,2021,7,10,0.02,47.66,86.15,12.71,36.48,23.77,30.02,3.02,0.58,-999,10.05,32.5,14.75,6.61
30.37531,69.34511,2021,7,11,0.93,51.51,86.17,11.53,36.23,24.7,30.41,2.3,-999,-999,10.8,32.48,16.32,-999
30.37531,69.34511,2021,7,12,10.01,57.61,86.26,8.37,33.97,25.6,29,3.85,0.51,-999,10.28,30.22,16.82,5.77
30.37531,69.34511,2021,7,13,4.72,66.34,86.26,9.29,32.48,23.18,27.52,2.58,-999,-999,-999,30.18,17.78,-999
30.37531,69.34511,2021,7,14,5.13,69.45,86.3,7.35,30.36,23.01,26.73,1.93,-999,-999,-999,28.34,17.77,-999
30.37531,69.34511,2021,7,15,6.4,75.35,86.42,5.64,28.57,22.92,25.66,2.68,-999,-999,-999,26.6,18.07,-999
30.37531,69.34511,2021,7,16,-999,-999,-999,-999,-999,-999,-999,-999,-999,-999,-999,-999,-999,-999
30.37531,69.34511,2021,7,17,-999,-999,-999,-999,-999,-999,-999,-999,-999,-999,-999,-999,-999,-999
